STORE,MENU,PRICE,Sector,ss
포케올데이_시흥은계점,메인토핑추가,2000.0,"도시락,컵밥>다이어트,샐러드",도시락
포케올데이_시흥은계점,아보카도추가,2000.0,"도시락,컵밥>다이어트,샐러드",도시락
포케올데이_시흥은계점,또띠아빵추가,1500.0,"도시락,컵밥>다이어트,샐러드",도시락
포케올데이_시흥은계점,현미밥추가,1000.0,"도시락,컵밥>다이어트,샐러드",도시락
포케올데이_시흥은계점,메밀면추가,1000.0,"도시락,컵밥>다이어트,샐러드",도시락
포케올데이_시흥은계점,캔들판매,12900.0,"도시락,컵밥>다이어트,샐러드",도시락
포케올데이_시흥은계점,멤버쉽 가입,20000.0,"도시락,컵밥>다이어트,샐러드",도시락
포케올데이_시흥은계점,정기구독 10+1,109000.0,"도시락,컵밥>다이어트,샐러드",도시락
포케올데이_시흥은계점,정기구독 15+2,163500.0,"도시락,컵밥>다이어트,샐러드",도시락
포케올데이_시흥은계점,텀블러,10900.0,"도시락,컵밥>다이어트,샐러드",도시락
포케올데이_시흥은계점,현미밥 포케,10900.0,"도시락,컵밥>다이어트,샐러드",도시락
포케올데이_시흥은계점,메밀면 포케,10900.0,"도시락,컵밥>다이어트,샐러드",도시락
포케올데이_시흥은계점,채소만 포케,10900.0,"도시락,컵밥>다이어트,샐러드",도시락
포케올데이_시흥은계점,커피 세트,13500.0,"도시락,컵밥>다이어트,샐러드",도시락
포케올데이_시흥은계점,티 세트,14000.0,"도시락,컵밥>다이어트,샐러드",도시락
포케올데이_시흥은계점,곤약 냉우동,10900.0,"도시락,컵밥>다이어트,샐러드",도시락
포케올데이_시흥은계점,나홀로 하와이 세트,17400.0,"도시락,컵밥>다이어트,샐러드",도시락
포케올데이_시흥은계점,둘이서 하와이 세트,31500.0,"도시락,컵밥>다이어트,샐러드",도시락
포케올데이_시흥은계점,나홀로 포케+미니곤약냉우동 세트,14500.0,"도시락,컵밥>다이어트,샐러드",도시락
포케올데이_시흥은계점,미트랩,6900.0,"도시락,컵밥>다이어트,샐러드",도시락
포케올데이_시흥은계점,씨랩,7900.0,"도시락,컵밥>다이어트,샐러드",도시락
포케올데이_시흥은계점,두부볼 2개,5000.0,"도시락,컵밥>다이어트,샐러드",도시락
포케올데이_시흥은계점,단호박 크림수프,4000.0,"도시락,컵밥>다이어트,샐러드",도시락
포케올데이_시흥은계점,배달비 100,100.0,"도시락,컵밥>다이어트,샐러드",도시락
포케올데이_시흥은계점,배달비 500,500.0,"도시락,컵밥>다이어트,샐러드",도시락
포케올데이_시흥은계점,배달비 1000,1000.0,"도시락,컵밥>다이어트,샐러드",도시락
포케올데이_시흥은계점,배달비 5000,5000.0,"도시락,컵밥>다이어트,샐러드",도시락
포케올데이_시흥은계점,콤부차,4000.0,"도시락,컵밥>다이어트,샐러드",도시락
포케올데이_시흥은계점,착즙주스(케일사과),4000.0,"도시락,컵밥>다이어트,샐러드",도시락
포케올데이_시흥은계점,착즙주스(당근사과),4000.0,"도시락,컵밥>다이어트,샐러드",도시락
포케올데이_시흥은계점,수제딸기우유,4000.0,"도시락,컵밥>다이어트,샐러드",도시락
포케올데이_시흥은계점,수제블루베리우유,4000.0,"도시락,컵밥>다이어트,샐러드",도시락
포케올데이_시흥은계점,콜드브루 커피,3500.0,"도시락,컵밥>다이어트,샐러드",도시락
포케올데이_시흥은계점,티(Tea),4000.0,"도시락,컵밥>다이어트,샐러드",도시락
포케올데이_시흥은계점,제로콜라,2000.0,"도시락,컵밥>다이어트,샐러드",도시락
포케올데이_시흥은계점,제로 사이다,2000.0,"도시락,컵밥>다이어트,샐러드",도시락
포케올데이_시흥은계점,탄산수,2000.0,"도시락,컵밥>다이어트,샐러드",도시락
포케올데이_시흥은계점,ABC 슬러쉬,4900.0,"도시락,컵밥>다이어트,샐러드",도시락
포케올데이_시흥은계점,매장,0.0,"도시락,컵밥>다이어트,샐러드",도시락
포케올데이_시흥은계점,포장,0.0,"도시락,컵밥>다이어트,샐러드",도시락
포케올데이_시흥은계점,베지누들,9000.0,"도시락,컵밥>다이어트,샐러드",도시락
포케올데이_시흥은계점,베지누들,9000.0,"도시락,컵밥>다이어트,샐러드",도시락
포케올데이_시흥은계점,배달비 4500,4500.0,"도시락,컵밥>다이어트,샐러드",도시락
포케올데이_시흥은계점,10+1,109000.0,"도시락,컵밥>다이어트,샐러드",도시락
포케올데이_시흥은계점,15+2,163500.0,"도시락,컵밥>다이어트,샐러드",도시락
포케올데이_시흥은계점,나홀로 하와이 세트,17400.0,"도시락,컵밥>다이어트,샐러드",도시락
포케올데이_시흥은계점,둘이서 하와이 세트,31500.0,"도시락,컵밥>다이어트,샐러드",도시락
포케올데이_시흥은계점,커피 세트,13500.0,"도시락,컵밥>다이어트,샐러드",도시락
포케올데이_시흥은계점,티 세트,14000.0,"도시락,컵밥>다이어트,샐러드",도시락
포케올데이_시흥은계점,현미밥 포케,10900.0,"도시락,컵밥>다이어트,샐러드",도시락
포케올데이_시흥은계점,메밀면 포케,10900.0,"도시락,컵밥>다이어트,샐러드",도시락
포케올데이_시흥은계점,채소만 포케,10900.0,"도시락,컵밥>다이어트,샐러드",도시락
배배꼬_세종아름점,파티초 (1개),500.0,"카페,디저트>도넛",카페
배배꼬_세종아름점,숫자초 (1개),500.0,"카페,디저트>도넛",카페
배배꼬_세종아름점,크림도넛 1개 포장박스,300.0,"카페,디저트>도넛",카페
배배꼬_세종아름점,크림도넛 1개 포장박스,300.0,"카페,디저트>도넛",카페
배배꼬_세종아름점,스트로베리 에이드,4800.0,"카페,디저트>도넛",카페
배배꼬_세종아름점,어진동 배송비,4000.0,"카페,디저트>도넛",카페
배배꼬_세종아름점,배달료,3500.0,"카페,디저트>도넛",카페
포케올데이_시흥은계점,배달비 3000,3000.0,"도시락,컵밥>다이어트,샐러드",도시락
포케올데이_시흥은계점, ,1.0,"도시락,컵밥>다이어트,샐러드",도시락
포케올데이_시흥은계점,메인토핑추가금,1000.0,"도시락,컵밥>다이어트,샐러드",도시락
포케올데이_시흥은계점,메인토핑추가,3000.0,"도시락,컵밥>다이어트,샐러드",도시락
포케올데이_시흥은계점,소스추가,700.0,"도시락,컵밥>다이어트,샐러드",도시락
배배꼬_수원금곡점,生우유 쿠키슈,4500.0,"카페,디저트>도넛",카페
배배꼬_수원금곡점,生우유 크로와상,3300.0,"카페,디저트>도넛",카페
배배꼬_세종아름점,배배꼬 치즈슈페너,5500.0,"카페,디저트>도넛",카페
배배꼬_세종아름점,우유퐁당도넛,3500.0,"카페,디저트>도넛",카페
배배꼬_세종아름점,커스터드바닐라크림도넛,3500.0,"카페,디저트>도넛",카페
배배꼬_세종아름점,핑크솔트우유크림도넛,3700.0,"카페,디저트>도넛",카페
배배꼬_세종아름점,얼그레이크림도넛,3700.0,"카페,디저트>도넛",카페
배배꼬_세종아름점,우유딸기크림도넛,3900.0,"카페,디저트>도넛",카페
배배꼬_세종아름점,로얄프리미엄 밀크티,4800.0,"카페,디저트>도넛",카페
배배꼬_세종아름점,핑크선셋 베리티,5200.0,"카페,디저트>도넛",카페
배배꼬_세종아름점,시그니처 크림박스 SET(4개),14500.0,"카페,디저트>도넛",카페
배배꼬_세종아름점,배배꼬 인기 SET(6개),22500.0,"카페,디저트>도넛",카페
배배꼬_세종아름점,배배꼬 추천 SET(4개),15300.0,"카페,디저트>도넛",카페
배배꼬_세종아름점,시그니처 크림박스 SET (4개),14500.0,"카페,디저트>도넛",카페
배배꼬_세종아름점,배배꼬 인기 SET (6개),22500.0,"카페,디저트>도넛",카페
배배꼬_세종아름점,배배꼬 추천 SET (4개),15300.0,"카페,디저트>도넛",카페
배배꼬_세종아름점,박스포장 (4개~6개),500.0,"카페,디저트>도넛",카페
배배꼬_세종아름점,우유퐁당 도넛,3500.0,"카페,디저트>도넛",카페
배배꼬_세종아름점,커스터드바닐라크림 도넛,3500.0,"카페,디저트>도넛",카페
배배꼬_세종아름점,핑크솔트우유크림 도넛,3700.0,"카페,디저트>도넛",카페
배배꼬_세종아름점,더블딥초코우유 도넛,3700.0,"카페,디저트>도넛",카페
배배꼬_세종아름점,말차크림 도넛,3700.0,"카페,디저트>도넛",카페
배배꼬_세종아름점,인절미크림 도넛,3700.0,"카페,디저트>도넛",카페
배배꼬_세종아름점,얼그레이크림 도넛,3700.0,"카페,디저트>도넛",카페
배배꼬_세종아름점,누텔라크림 도넛,3900.0,"카페,디저트>도넛",카페
배배꼬_세종아름점,레몬유자크림 도넛,3900.0,"카페,디저트>도넛",카페
배배꼬_세종아름점,우유딸기크림 도넛,3900.0,"카페,디저트>도넛",카페
배배꼬_세종아름점,흑임자크림 도넛,4200.0,"카페,디저트>도넛",카페
배배꼬_세종아름점,공주바밤바크림 도넛,3900.0,"카페,디저트>도넛",카페
배배꼬_세종아름점,초당옥쑤크림 도넛,3900.0,"카페,디저트>도넛",카페
배배꼬_세종아름점,레드벨벳크림 도넛,3900.0,"카페,디저트>도넛",카페
배배꼬_세종아름점,피치요거트크림 도넛,4200.0,"카페,디저트>도넛",카페
배배꼬_세종아름점,보냉팩 추가,700.0,"카페,디저트>도넛",카페
배배꼬_세종아름점,바닐라 커스터드 쿠키슈,4500.0,"카페,디저트>도넛",카페
배배꼬_세종아름점,딥초코 커스터드 쿠키슈,4500.0,"카페,디저트>도넛",카페
배배꼬_세종아름점,라즈베리 커스터드 쿠키슈,4800.0,"카페,디저트>도넛",카페
배배꼬_세종아름점,생크림 스콘,3800.0,"카페,디저트>도넛",카페
배배꼬_세종아름점,얼그레이 스콘,3800.0,"카페,디저트>도넛",카페
배배꼬_세종아름점,콰트로치즈 스콘,4200.0,"카페,디저트>도넛",카페
배배꼬_세종아름점,生커스터드 크림브뤨레,4500.0,"카페,디저트>도넛",카페
배배꼬_세종아름점,불고기칠리 페스츄리,3800.0,"카페,디저트>도넛",카페
배배꼬_세종아름점,청양마요 페스츄리,3800.0,"카페,디저트>도넛",카페
배배꼬_세종아름점,애플시나몬 파이,3800.0,"카페,디저트>도넛",카페
배배꼬_세종아름점,블루베리 파이,3800.0,"카페,디저트>도넛",카페
배배꼬_세종아름점,스트로베리 파이,3800.0,"카페,디저트>도넛",카페
배배꼬_세종아름점,生우유 크러핀,3900.0,"카페,디저트>도넛",카페
배배꼬_세종아름점,플레인 크러핀,2900.0,"카페,디저트>도넛",카페
배배꼬_세종아름점,박스포장 (4개),500.0,"카페,디저트>도넛",카페
배배꼬_세종아름점,펄그레이라떼,4500.0,"카페,디저트>도넛",카페
배배꼬_세종아름점,배배꼬치즈슈페너,5500.0,"카페,디저트>도넛",카페
배배꼬_세종아름점,스페셜티 아메리카노,3500.0,"카페,디저트>도넛",카페
배배꼬_세종아름점,디카페인 아메리카노,3800.0,"카페,디저트>도넛",카페
배배꼬_세종아름점,헤이즐넛 아메리카노,3800.0,"카페,디저트>도넛",카페
배배꼬_세종아름점,카페라떼,4200.0,"카페,디저트>도넛",카페
배배꼬_세종아름점,피넛버터라떼,4500.0,"카페,디저트>도넛",카페
배배꼬_세종아름점,공주바밤바라떼,4500.0,"카페,디저트>도넛",카페
배배꼬_세종아름점,바닐라라떼,4500.0,"카페,디저트>도넛",카페
배배꼬_세종아름점,연유라떼,4500.0,"카페,디저트>도넛",카페
배배꼬_세종아름점,오트밀 카페라떼,5500.0,"카페,디저트>도넛",카페
배배꼬_세종아름점,오트밀 바닐라라떼,5800.0,"카페,디저트>도넛",카페
배배꼬_세종아름점,오트밀 연유라떼,5800.0,"카페,디저트>도넛",카페
배배꼬_세종아름점,초당옥쑤라떼,4500.0,"카페,디저트>도넛",카페
배배꼬_세종아름점,로얄 프리미엄 밀크티,4800.0,"카페,디저트>도넛",카페
배배꼬_세종아름점,딥더블초콜릿라떼,4500.0,"카페,디저트>도넛",카페
배배꼬_세종아름점,제주말차라떼,4500.0,"카페,디저트>도넛",카페
배배꼬_세종아름점,수제프리미엄 딸기우유,5800.0,"카페,디저트>도넛",카페
배배꼬_세종아름점,오로라 에이드,4800.0,"카페,디저트>도넛",카페
배배꼬_세종아름점,핑크 선셋 베리티,5200.0,"카페,디저트>도넛",카페
배배꼬_세종아름점,옐로우 캐모마일티,4800.0,"카페,디저트>도넛",카페
배배꼬_세종아름점,리얼 복숭아 아이스티,3800.0,"카페,디저트>도넛",카페
배배꼬_세종아름점,리얼 망고 아이스티,3800.0,"카페,디저트>도넛",카페
배배꼬_세종아름점,리얼 청포도 아이스티,3800.0,"카페,디저트>도넛",카페
배배꼬_세종아름점,오렌지자몽 에이드,5200.0,"카페,디저트>도넛",카페
배배꼬_세종아름점,패션후르츠 에이드,5200.0,"카페,디저트>도넛",카페
배배꼬_세종아름점,히비스커스체리 에이드,4800.0,"카페,디저트>도넛",카페
배배꼬_세종아름점,청포도 에이드,4800.0,"카페,디저트>도넛",카페
배배꼬_세종아름점,플레인 요거트스무디,5200.0,"카페,디저트>도넛",카페
배배꼬_세종아름점,딸기 요거트스무디,5800.0,"카페,디저트>도넛",카페
배배꼬_세종아름점,망고 요거트스무디,5800.0,"카페,디저트>도넛",카페
배배꼬_세종아름점,블루베리 요거트스무디,5800.0,"카페,디저트>도넛",카페
배배꼬_세종아름점,화이트 뱅쇼,4500.0,"카페,디저트>도넛",카페
배배꼬_세종아름점,레드 뱅쇼,4500.0,"카페,디저트>도넛",카페
배배꼬_세종아름점,스파클링 뱅쇼,4800.0,"카페,디저트>도넛",카페
배배꼬_세종아름점,배배꼬 치즈슈페너,5500.0,"카페,디저트>도넛",카페
배배꼬_세종아름점,生우유 카스테라 도넛,4000.0,"카페,디저트>도넛",카페
배배꼬_세종아름점,딥초코 카스테라 도넛,4200.0,"카페,디저트>도넛",카페
배배꼬_세종아름점,우유딸기 카스테라 도넛,4200.0,"카페,디저트>도넛",카페
배배꼬_세종아름점,우유퐁당도넛,3500.0,"카페,디저트>도넛",카페
배배꼬_세종아름점,커스터드바닐라크림도넛,3500.0,"카페,디저트>도넛",카페
배배꼬_세종아름점,로얄프리미엄 밀크티,4800.0,"카페,디저트>도넛",카페
배배꼬_세종아름점,핑크선셋 베리티,5200.0,"카페,디저트>도넛",카페
배배꼬_세종아름점,카스테라 퐁당 SET (4개),15700.0,"카페,디저트>도넛",카페
배배꼬_세종아름점,시그니처 크림박스 SET(4개),14500.0,"카페,디저트>도넛",카페
배배꼬_세종아름점,배배꼬 인기 SET(6개),22500.0,"카페,디저트>도넛",카페
배배꼬_세종아름점,배배꼬 추천 SET(4개),15300.0,"카페,디저트>도넛",카페
배배꼬_세종아름점,카스테라 퐁당 SET(4개),15700.0,"카페,디저트>도넛",카페
배배꼬_세종아름점,시그니처 크림박스 SET (4개),14500.0,"카페,디저트>도넛",카페
배배꼬_세종아름점,배배꼬 인기 SET (6개),22500.0,"카페,디저트>도넛",카페
배배꼬_세종아름점,배배꼬 추천 SET (4개),15300.0,"카페,디저트>도넛",카페
배배꼬_세종아름점,박스포장 (4개~6개),500.0,"카페,디저트>도넛",카페
배배꼬_세종아름점,비닐포장,100.0,"카페,디저트>도넛",카페
배배꼬_세종아름점,生우유카스테라 도넛,4000.0,"카페,디저트>도넛",카페
배배꼬_세종아름점,딥초코카스테라 도넛,4200.0,"카페,디저트>도넛",카페
배배꼬_세종아름점,우유딸기카스테라 도넛,4200.0,"카페,디저트>도넛",카페
배배꼬_세종아름점,우유퐁당 도넛,3500.0,"카페,디저트>도넛",카페
배배꼬_세종아름점,커스터드바닐라크림 도넛,3500.0,"카페,디저트>도넛",카페
배배꼬_세종아름점,핑크솔트우유크림 도넛,3700.0,"카페,디저트>도넛",카페
배배꼬_세종아름점,더블딥초코우유 도넛,3700.0,"카페,디저트>도넛",카페
배배꼬_세종아름점,말차크림 도넛,3700.0,"카페,디저트>도넛",카페
배배꼬_세종아름점,인절미크림 도넛,3700.0,"카페,디저트>도넛",카페
배배꼬_세종아름점,얼그레이크림 도넛,3700.0,"카페,디저트>도넛",카페
배배꼬_세종아름점,누텔라크림 도넛,3900.0,"카페,디저트>도넛",카페
배배꼬_세종아름점,레몬유자크림 도넛,3900.0,"카페,디저트>도넛",카페
배배꼬_세종아름점,우유딸기크림 도넛,3900.0,"카페,디저트>도넛",카페
배배꼬_세종아름점,흑임자크림 도넛,4200.0,"카페,디저트>도넛",카페
배배꼬_세종아름점,공주바밤바크림 도넛,3900.0,"카페,디저트>도넛",카페
배배꼬_세종아름점,초당옥쑤크림 도넛,3900.0,"카페,디저트>도넛",카페
배배꼬_세종아름점,피치요거트크림 도넛,4200.0,"카페,디저트>도넛",카페
배배꼬_세종아름점,보냉팩 추가,700.0,"카페,디저트>도넛",카페
배배꼬_세종아름점,비닐 포장,100.0,"카페,디저트>도넛",카페
배배꼬_세종아름점,바닐라 커스터드 쿠키슈,4500.0,"카페,디저트>도넛",카페
배배꼬_세종아름점,딥초코 쿠키슈,4500.0,"카페,디저트>도넛",카페
배배꼬_세종아름점,생크림 스콘,3800.0,"카페,디저트>도넛",카페
배배꼬_세종아름점,얼그레이 스콘,3800.0,"카페,디저트>도넛",카페
배배꼬_세종아름점,펄그레이라떼,4500.0,"카페,디저트>도넛",카페
배배꼬_세종아름점,배배꼬치즈슈페너,5500.0,"카페,디저트>도넛",카페
배배꼬_세종아름점,스페셜티 아메리카노,3500.0,"카페,디저트>도넛",카페
배배꼬_세종아름점,디카페인 아메리카노,5000.0,"카페,디저트>도넛",카페
배배꼬_세종아름점,헤이즐넛 아메리카노,3800.0,"카페,디저트>도넛",카페
배배꼬_세종아름점,카페라떼,4200.0,"카페,디저트>도넛",카페
배배꼬_세종아름점,피넛버터라떼,4500.0,"카페,디저트>도넛",카페
배배꼬_세종아름점,공주바밤바라떼,4500.0,"카페,디저트>도넛",카페
배배꼬_세종아름점,바닐라라떼,4500.0,"카페,디저트>도넛",카페
배배꼬_세종아름점,연유라떼,4500.0,"카페,디저트>도넛",카페
배배꼬_세종아름점,오트밀 카페라떼,5500.0,"카페,디저트>도넛",카페
배배꼬_세종아름점,오트밀 바닐라라떼,5800.0,"카페,디저트>도넛",카페
배배꼬_세종아름점,오트밀 연유라떼,5800.0,"카페,디저트>도넛",카페
배배꼬_세종아름점,초당옥쑤라떼,4500.0,"카페,디저트>도넛",카페
배배꼬_세종아름점,로얄 프리미엄 밀크티,4800.0,"카페,디저트>도넛",카페
배배꼬_세종아름점,딥더블초콜릿라떼,4500.0,"카페,디저트>도넛",카페
배배꼬_세종아름점,제주말차라떼,4500.0,"카페,디저트>도넛",카페
배배꼬_세종아름점,수제프리미엄 딸기우유,5800.0,"카페,디저트>도넛",카페
배배꼬_세종아름점,오로라 에이드,4800.0,"카페,디저트>도넛",카페
배배꼬_세종아름점,핑크 선셋 베리티,5200.0,"카페,디저트>도넛",카페
배배꼬_세종아름점,옐로우 캐모마일티,4800.0,"카페,디저트>도넛",카페
배배꼬_세종아름점,리얼 복숭아 아이스티,3800.0,"카페,디저트>도넛",카페
배배꼬_세종아름점,리얼 망고 아이스티,3800.0,"카페,디저트>도넛",카페
배배꼬_세종아름점,리얼 청포도 아이스티,3800.0,"카페,디저트>도넛",카페
배배꼬_세종아름점,오렌지자몽 에이드,5200.0,"카페,디저트>도넛",카페
배배꼬_세종아름점,패션후르츠 에이드,5200.0,"카페,디저트>도넛",카페
배배꼬_세종아름점,히비스커스체리 에이드,4800.0,"카페,디저트>도넛",카페
배배꼬_세종아름점,청포도 에이드,4800.0,"카페,디저트>도넛",카페
배배꼬_세종아름점,플레인 요거트스무디,5200.0,"카페,디저트>도넛",카페
배배꼬_세종아름점,딸기 요거트스무디,5800.0,"카페,디저트>도넛",카페
배배꼬_세종아름점,망고 요거트스무디,5800.0,"카페,디저트>도넛",카페
배배꼬_세종아름점,블루베리 요거트스무디,5800.0,"카페,디저트>도넛",카페
배배꼬_세종아름점,보냉백추가,700.0,"카페,디저트>도넛",카페
배배꼬_세종아름점,기본배달료,3000.0,"카페,디저트>도넛",카페
배배꼬_세종아름점,배달료,3500.0,"카페,디저트>도넛",카페
배배꼬_세종아름점,배달료,4000.0,"카페,디저트>도넛",카페
배배꼬_세종아름점,오늘의도넛,2900.0,"카페,디저트>도넛",카페
배배꼬_세종아름점,오늘의도넛,2500.0,"카페,디저트>도넛",카페
배배꼬_세종아름점,크림도넛,4950.0,"카페,디저트>도넛",카페
배배꼬_세종아름점,어린이 음료,1500.0,"카페,디저트>도넛",카페
배배꼬_세종아름점,아.샷.추(아이스티+아메리카노),4000.0,"카페,디저트>도넛",카페
배배꼬_세종아름점,스파클링뱅쇼(Only Ice),4800.0,"카페,디저트>도넛",카페
포케올데이_시흥은계점,꾸꼬논알콜맥주LAGER,4500.0,"도시락,컵밥>다이어트,샐러드",도시락
포케올데이_시흥은계점,꾸꼬논알콜맥주PILS,4500.0,"도시락,컵밥>다이어트,샐러드",도시락
포케올데이_시흥은계점,꾸꼬논알콜맥주,4500.0,"도시락,컵밥>다이어트,샐러드",도시락
포케올데이_시흥은계점,스무디볼,7800.0,"도시락,컵밥>다이어트,샐러드",도시락
포케올데이_시흥은계점,"옐로우 스무디볼
바나나, 복숭아, 망고, 파인애플",7800.0,"도시락,컵밥>다이어트,샐러드",도시락
포케올데이_시흥은계점,"그린 스무디볼
바나나, 키위, 아보카도",7800.0,"도시락,컵밥>다이어트,샐러드",도시락
포케올데이_시흥은계점,"레드 스무디볼
바나나, 딸기, 크랜베리, 적용과",7800.0,"도시락,컵밥>다이어트,샐러드",도시락
포케올데이_시흥은계점,"퍼플 스무디볼
바나나, 망고, 블루베리, 블랙베리",7800.0,"도시락,컵밥>다이어트,샐러드",도시락
포케올데이_시흥은계점,곤약냉우동,10900.0,"도시락,컵밥>다이어트,샐러드",도시락
배배꼬_세종아름점,스페셜티 콜드브루,4500.0,"카페,디저트>도넛",카페
배배꼬_세종아름점,스페셜티 콜드브루라떼,5000.0,"카페,디저트>도넛",카페
배배꼬_세종아름점,디카페인 콜드브루,5000.0,"카페,디저트>도넛",카페
배배꼬_세종아름점,디카페인 콜드브루라떼,5500.0,"카페,디저트>도넛",카페
배배꼬_수원금곡점,스페셜티 콜드브루,4500.0,"카페,디저트>도넛",카페
배배꼬_수원금곡점,스페셜티 콜드브루라떼,5000.0,"카페,디저트>도넛",카페
배배꼬_수원금곡점,디카페인 콜드브루,5000.0,"카페,디저트>도넛",카페
배배꼬_수원금곡점,디카페인 콜드브루라떼,5500.0,"카페,디저트>도넛",카페
배배꼬_세종아름점,리얼 밀크카라멜 크림도넛,4200.0,"카페,디저트>도넛",카페
배배꼬_수원금곡점,리얼 밀크카라멜 크림도넛,4200.0,"카페,디저트>도넛",카페
포케올데이_시흥은계점,나홀로 하와이 세트,17400.0,"도시락,컵밥>다이어트,샐러드",도시락
포케올데이_시흥은계점,둘이서 하와이 세트,31500.0,"도시락,컵밥>다이어트,샐러드",도시락
포케올데이_시흥은계점,베지누들,9000.0,"도시락,컵밥>다이어트,샐러드",도시락
포케올데이_시흥은계점,커피 세트,13500.0,"도시락,컵밥>다이어트,샐러드",도시락
포케올데이_시흥은계점,티 세트,14000.0,"도시락,컵밥>다이어트,샐러드",도시락
포케올데이_시흥은계점,현미밥 포케,10900.0,"도시락,컵밥>다이어트,샐러드",도시락
포케올데이_시흥은계점,메밀면 포케,10900.0,"도시락,컵밥>다이어트,샐러드",도시락
포케올데이_시흥은계점,채소만 포케,10900.0,"도시락,컵밥>다이어트,샐러드",도시락
포케올데이_시흥은계점,곤약 냉우동,10900.0,"도시락,컵밥>다이어트,샐러드",도시락
포케올데이_시흥은계점,현미밥 포케,10900.0,"도시락,컵밥>다이어트,샐러드",도시락
포케올데이_시흥은계점,메밀면 포케,10900.0,"도시락,컵밥>다이어트,샐러드",도시락
포케올데이_시흥은계점,채소만 포케,10900.0,"도시락,컵밥>다이어트,샐러드",도시락
포케올데이_시흥은계점,나홀로 하와이 세트,17400.0,"도시락,컵밥>다이어트,샐러드",도시락
포케올데이_시흥은계점,둘이서 하와이 세트,31500.0,"도시락,컵밥>다이어트,샐러드",도시락
포케올데이_시흥은계점,커피 세트,13500.0,"도시락,컵밥>다이어트,샐러드",도시락
포케올데이_시흥은계점,티 세트,14000.0,"도시락,컵밥>다이어트,샐러드",도시락
포케올데이_시흥은계점,나홀로 포케+미니곤약냉우동 세트,14500.0,"도시락,컵밥>다이어트,샐러드",도시락
포케올데이_시흥은계점,단호박 크림수프,4000.0,"도시락,컵밥>다이어트,샐러드",도시락
포케올데이_시흥은계점,미트랩,6900.0,"도시락,컵밥>다이어트,샐러드",도시락
포케올데이_시흥은계점,씨랩,7900.0,"도시락,컵밥>다이어트,샐러드",도시락
포케올데이_시흥은계점,곤약 냉우동,10900.0,"도시락,컵밥>다이어트,샐러드",도시락
포케올데이_시흥은계점,베지누들,9000.0,"도시락,컵밥>다이어트,샐러드",도시락
포케올데이_시흥은계점,두부볼 2개,5000.0,"도시락,컵밥>다이어트,샐러드",도시락
포케올데이_시흥은계점,스무디볼,7800.0,"도시락,컵밥>다이어트,샐러드",도시락
포케올데이_시흥은계점,"옐로우 스무디볼
바나나, 복숭아, 망고, 파인애플",7800.0,"도시락,컵밥>다이어트,샐러드",도시락
포케올데이_시흥은계점,"그린 스무디볼
바나나, 키위, 아보카도",7800.0,"도시락,컵밥>다이어트,샐러드",도시락
포케올데이_시흥은계점,"레드 스무디볼
바나나, 딸기, 크랜베리, 적용과",7800.0,"도시락,컵밥>다이어트,샐러드",도시락
포케올데이_시흥은계점,"퍼플 스무디볼
바나나, 망고, 블루베리, 블랙베리",7800.0,"도시락,컵밥>다이어트,샐러드",도시락
포케올데이_시흥은계점,두부볼 2개,5000.0,"도시락,컵밥>다이어트,샐러드",도시락
배배꼬_세종아름점,라즈베리 커스터드 쿠키슈 ,4500.0,"카페,디저트>도넛",카페
배배꼬_수원금곡점,초 1,1700.0,"카페,디저트>도넛",카페
배배꼬_수원금곡점,초 2,1200.0,"카페,디저트>도넛",카페
배배꼬_수원금곡점,블루베리 크림도넛,3900.0,"카페,디저트>도넛",카페
배배꼬_수원금곡점,민트초코칩 크림도넛,3900.0,"카페,디저트>도넛",카페
배배꼬_세종아름점,버터 누룽지 소금빵,2700.0,"카페,디저트>도넛",카페
배배꼬_세종아름점,버터 누룽지 소금빵,2700.0,"카페,디저트>도넛",카페
배배꼬_수원금곡점,버터 소금빵,2900.0,"카페,디저트>도넛",카페
배배꼬_세종아름점,(TIME SALE 11:00~15:00) 아메리카노 (2샷),2900.0,"카페,디저트>도넛",카페
배배꼬_세종아름점,(TIME SALE 11:00~15:00) 에이드,4000.0,"카페,디저트>도넛",카페
배배꼬_수원금곡점,자두에이드,4800.0,"카페,디저트>도넛",카페
배배꼬_수원금곡점,제주바다 한라봉에이드,4800.0,"카페,디저트>도넛",카페
배배꼬_수원금곡점,레드향라봉 아이스티,5200.0,"카페,디저트>도넛",카페
배배꼬_세종아름점,자두에이드,4800.0,"카페,디저트>도넛",카페
배배꼬_세종아름점,제주바다 한라봉 에이드,4800.0,"카페,디저트>도넛",카페
배배꼬_세종아름점,레드향라봉 아이스티,5200.0,"카페,디저트>도넛",카페
배배꼬_세종아름점,(타임세일) 아메리카노 (2샷),2900.0,"카페,디저트>도넛",카페
배배꼬_세종아름점,(타임세일) 에이드,4000.0,"카페,디저트>도넛",카페
포케올데이_시흥은계점,장어포케,14900.0,"도시락,컵밥>다이어트,샐러드",도시락
포케올데이_시흥은계점,장어포케,14900.0,"도시락,컵밥>다이어트,샐러드",도시락
포케올데이_시흥은계점,장어 포케,14900.0,"도시락,컵밥>다이어트,샐러드",도시락
포케올데이_시흥은계점,장어 포케,14900.0,"도시락,컵밥>다이어트,샐러드",도시락
포케올데이_시흥은계점,장어포케,14900.0,"도시락,컵밥>다이어트,샐러드",도시락
포케올데이_시흥은계점,장어포케,14900.0,"도시락,컵밥>다이어트,샐러드",도시락
포케올데이_시흥은계점,장어 포케,14900.0,"도시락,컵밥>다이어트,샐러드",도시락
포케올데이_시흥은계점,장어 포케,14900.0,"도시락,컵밥>다이어트,샐러드",도시락
배배꼬_세종아름점,리얼 밀크카라멜 쿠키슈,4500.0,"카페,디저트>도넛",카페
배배꼬_세종아름점,오레오 순우유크림 쿠키슈,4500.0,"카페,디저트>도넛",카페
배배꼬_세종아름점,리얼 블루베리 쿠키슈,4500.0,"카페,디저트>도넛",카페
배배꼬_세종아름점,리얼 커스터드 쿠키슈,4900.0,"카페,디저트>도넛",카페
배배꼬_세종아름점,리얼 치즈 커스터드 쿠키슈,4900.0,"카페,디저트>도넛",카페
배배꼬_세종아름점,리얼 스트로베리 쿠키슈,4900.0,"카페,디저트>도넛",카페
배배꼬_세종아름점,리얼 말차 커스터드 쿠키슈,5300.0,"카페,디저트>도넛",카페
배배꼬_세종아름점,리얼 초코 커스터드 쿠키슈,5300.0,"카페,디저트>도넛",카페
배배꼬_세종아름점,자두 에이드,4800.0,"카페,디저트>도넛",카페
배배꼬_세종아름점,패션푸르츠 에이드,5200.0,"카페,디저트>도넛",카페
배배꼬_세종아름점,레드 향라봉 아이스티,5200.0,"카페,디저트>도넛",카페
배배꼬_세종아름점,生커스터드 크림라떼,5500.0,"카페,디저트>도넛",카페
배배꼬_수원금곡점,리얼 밀크카라멜 쿠키슈,4500.0,"카페,디저트>도넛",카페
배배꼬_수원금곡점,오레오 순우유크림 쿠키슈,4500.0,"카페,디저트>도넛",카페
배배꼬_수원금곡점,리얼 블루베리 쿠키슈,4500.0,"카페,디저트>도넛",카페
배배꼬_수원금곡점,리얼 커스터드 쿠키슈,4900.0,"카페,디저트>도넛",카페
배배꼬_수원금곡점,리얼 치즈 커스터드 쿠키슈,4900.0,"카페,디저트>도넛",카페
배배꼬_수원금곡점,리얼 스트로베리 쿠키슈,4900.0,"카페,디저트>도넛",카페
배배꼬_수원금곡점,리얼 말차 커스터드 쿠키슈,5300.0,"카페,디저트>도넛",카페
배배꼬_수원금곡점,리얼 초코 커스터드 쿠키슈,5300.0,"카페,디저트>도넛",카페
배배꼬_수원금곡점,제주바다 한라봉 에이드,4800.0,"카페,디저트>도넛",카페
배배꼬_수원금곡점,자두 에이드,4800.0,"카페,디저트>도넛",카페
배배꼬_수원금곡점,오렌지 패션 푸르츠 에이드,5200.0,"카페,디저트>도넛",카페
배배꼬_수원금곡점,레드 향라봉 아이스티,5200.0,"카페,디저트>도넛",카페
배배꼬_수원금곡점,生커스터드 크림라떼,5500.0,"카페,디저트>도넛",카페
배배꼬_세종아름점,레몬유자자몽 에이드,4800.0,"카페,디저트>도넛",카페
배배꼬_세종아름점,오레오 크림도넛 ,3900.0,"카페,디저트>도넛",카페
가유카페_신림점,홍콩에그와플,4900.0,"카페,디저트>카페",카페
가유카페_신림점,가유크로플(small),3900.0,"카페,디저트>카페",카페
가유카페_신림점,가유크로플 (Large),5900.0,"카페,디저트>카페",카페
가유카페_신림점,수제고구마빵 ,3800.0,"카페,디저트>카페",카페
가유카페_신림점,수제감자빵,3800.0,"카페,디저트>카페",카페
가유카페_신림점,대만샌드위치(햄치즈),3500.0,"카페,디저트>카페",카페
가유카페_신림점,떠먹는 우유케이크,7500.0,"카페,디저트>카페",카페
가유카페_신림점,떠먹는 티라미수,7500.0,"카페,디저트>카페",카페
가유카페_신림점,떠먹는 오레오케이크,7500.0,"카페,디저트>카페",카페
가유카페_신림점,고구마케이크,6500.0,"카페,디저트>카페",카페
가유카페_신림점,까망베르치즈케이크 ,6800.0,"카페,디저트>카페",카페
가유카페_신림점,밀크크레이프케이크,7800.0,"카페,디저트>카페",카페
가유카페_신림점,악마누텔라 크레이프케이크 ,7800.0,"카페,디저트>카페",카페
가유카페_신림점,산딸기 마카롱,3300.0,"카페,디저트>카페",카페
가유카페_신림점,바닐라 마카롱,3300.0,"카페,디저트>카페",카페
가유카페_신림점,카라멜 마카롱,3300.0,"카페,디저트>카페",카페
가유카페_신림점,플레인,4900.0,"카페,디저트>카페",카페
가유카페_신림점,블루베리,4900.0,"카페,디저트>카페",카페
가유카페_신림점,치즈 ,5200.0,"카페,디저트>카페",카페
가유카페_신림점,1리터보틀,7000.0,"카페,디저트>카페",카페
가유카페_신림점,아메리카노,3800.0,"카페,디저트>카페",카페
가유카페_신림점,헤이즐넛 아메리카노,4100.0,"카페,디저트>카페",카페
가유카페_신림점,카페라떼,4300.0,"카페,디저트>카페",카페
가유카페_신림점,카페모카,4800.0,"카페,디저트>카페",카페
가유카페_신림점,카라멜마끼아또,4800.0,"카페,디저트>카페",카페
가유카페_신림점,바닐라라떼,4800.0,"카페,디저트>카페",카페
가유카페_신림점,헤이즐넛라떼,4800.0,"카페,디저트>카페",카페
가유카페_신림점,돌체라떼,4800.0,"카페,디저트>카페",카페
가유카페_신림점,흑임자라떼(only ice),6100.0,"카페,디저트>카페",카페
가유카페_신림점,달고나라떼(only ice),6100.0,"카페,디저트>카페",카페
가유카페_신림점,흑당라떼(only ice),5300.0,"카페,디저트>카페",카페
가유카페_신림점,로투스라떼(only ice),6100.0,"카페,디저트>카페",카페
가유카페_신림점,코코넛라떼 ,5800.0,"카페,디저트>카페",카페
가유카페_신림점,초코라떼,5000.0,"카페,디저트>카페",카페
가유카페_신림점,초코바나나라떼,4800.0,"카페,디저트>카페",카페
가유카페_신림점,민트초코라떼,5300.0,"카페,디저트>카페",카페
가유카페_신림점,고구마라떼,5000.0,"카페,디저트>카페",카페
가유카페_신림점,미숫가루(only ice),5500.0,"카페,디저트>카페",카페
가유카페_신림점,녹차라떼,5000.0,"카페,디저트>카페",카페
가유카페_신림점,바밤바라떼,5000.0,"카페,디저트>카페",카페
가유카페_신림점,"흑당버블티라떼(only ice)
(벤티)",6900.0,"카페,디저트>카페",카페
가유카페_신림점,"타로버블티라떼(only ice)
(벤티)",6900.0,"카페,디저트>카페",카페
가유카페_신림점,"밀크티버블티라떼(only ice)
(벤티)",6900.0,"카페,디저트>카페",카페
가유카페_신림점,달고나밀크티(only ice),5800.0,"카페,디저트>카페",카페
가유카페_신림점,딸기라떼(only ice),5800.0,"카페,디저트>카페",카페
가유카페_신림점,딸기바나나라떼(only ice),6100.0,"카페,디저트>카페",카페
가유카페_신림점,핫바닐라(only HOT),5000.0,"카페,디저트>카페",카페
가유카페_신림점,쑥(파우치),6100.0,"카페,디저트>카페",카페
가유카페_신림점,밀크티(파우치),6100.0,"카페,디저트>카페",카페
가유카페_신림점,흑임자(파우치),6100.0,"카페,디저트>카페",카페
가유카페_신림점,민트 우유(파우치),6100.0,"카페,디저트>카페",카페
가유카페_신림점,애플시나몬티,5000.0,"카페,디저트>카페",카페
가유카페_신림점,허니자몽블랙티,5000.0,"카페,디저트>카페",카페
가유카페_신림점,히비스커스체리티,5000.0,"카페,디저트>카페",카페
가유카페_신림점,캐모마일허니바닐라티,5000.0,"카페,디저트>카페",카페
가유카페_신림점,패션후르츠 얼그레이티,5000.0,"카페,디저트>카페",카페
가유카페_신림점,복숭아 아이스티,4500.0,"카페,디저트>카페",카페
가유카페_신림점,자몽차,5000.0,"카페,디저트>카페",카페
가유카페_신림점,레몬차,5000.0,"카페,디저트>카페",카페
가유카페_신림점,청귤차,5000.0,"카페,디저트>카페",카페
가유카페_신림점,유자차,5000.0,"카페,디저트>카페",카페
가유카페_신림점,한라봉차 ,5000.0,"카페,디저트>카페",카페
가유카페_신림점,딸기에이드,5500.0,"카페,디저트>카페",카페
가유카페_신림점,자몽에이드,5500.0,"카페,디저트>카페",카페
가유카페_신림점,자두에이드,5500.0,"카페,디저트>카페",카페
가유카페_신림점,살구에이드,5500.0,"카페,디저트>카페",카페
가유카페_신림점,망고에이드,5500.0,"카페,디저트>카페",카페
가유카페_신림점,청포도에이드,5500.0,"카페,디저트>카페",카페
가유카페_신림점,레몬에이드,5500.0,"카페,디저트>카페",카페
가유카페_신림점,유자에이드,5500.0,"카페,디저트>카페",카페
가유카페_신림점,체리콕,5500.0,"카페,디저트>카페",카페
가유카페_신림점,라임에이드,5500.0,"카페,디저트>카페",카페
가유카페_신림점,소다에이드,5500.0,"카페,디저트>카페",카페
가유카페_신림점,홍시주스,6100.0,"카페,디저트>카페",카페
가유카페_신림점,수박주스,6100.0,"카페,디저트>카페",카페
가유카페_신림점,딸기스무디,5800.0,"카페,디저트>카페",카페
가유카페_신림점,딸기바나나스무디,6100.0,"카페,디저트>카페",카페
가유카페_신림점,자두스무디,5800.0,"카페,디저트>카페",카페
가유카페_신림점,망고스무디,5800.0,"카페,디저트>카페",카페
가유카페_신림점,살구스무디,5800.0,"카페,디저트>카페",카페
가유카페_신림점,청포도스무디,5800.0,"카페,디저트>카페",카페
가유카페_신림점,블루베리스무디,5800.0,"카페,디저트>카페",카페
가유카페_신림점,소다스무디,5800.0,"카페,디저트>카페",카페
가유카페_신림점,플레인요거트스무디,6100.0,"카페,디저트>카페",카페
가유카페_신림점,블루베리요거트스무디,6100.0,"카페,디저트>카페",카페
가유카페_신림점,딸기요거트스무디,6100.0,"카페,디저트>카페",카페
가유카페_신림점,망고요거트스무디,6100.0,"카페,디저트>카페",카페
가유카페_신림점,살구요거트스무디,6100.0,"카페,디저트>카페",카페
가유카페_신림점,죠리퐁프라페,6300.0,"카페,디저트>카페",카페
가유카페_신림점,바닐라프라페,5800.0,"카페,디저트>카페",카페
가유카페_신림점,밀크티프라페,5800.0,"카페,디저트>카페",카페
가유카페_신림점,쿠앤크프라페,6300.0,"카페,디저트>카페",카페
가유카페_신림점,돼지바프라페,6300.0,"카페,디저트>카페",카페
가유카페_신림점,더블초코프라페,5800.0,"카페,디저트>카페",카페
가유카페_신림점,녹차프라페,5800.0,"카페,디저트>카페",카페
가유카페_신림점,민트초코프라페,6300.0,"카페,디저트>카페",카페
가유카페_신림점,쑥프라페 ,5800.0,"카페,디저트>카페",카페
가유카페_신림점,초바퐁 프라페(초코바나나죠리퐁),5800.0,"카페,디저트>카페",카페
가유카페_신림점,미니붕어빵,3500.0,"카페,디저트>카페",카페
가유카페_신림점,바나나크림 케이크,6800.0,"카페,디저트>카페",카페
가유카페_신림점,악마의 누텔라 초코 케이크,7000.0,"카페,디저트>카페",카페
가유카페_신림점,초당옥수수라떼(only ice),6100.0,"카페,디저트>카페",카페
가유카페_신림점,토피넛라떼,5800.0,"카페,디저트>카페",카페
가유카페_신림점,딸기초코프라페,6300.0,"카페,디저트>카페",카페
가유카페_신림점,생크림카스테라,6000.0,"카페,디저트>카페",카페
가유카페_신림점,인절미 팥빙수,12500.0,"카페,디저트>카페",카페
가유카페_신림점,트리플베리요거트빙수,13500.0,"카페,디저트>카페",카페
가유카페_신림점,망고요거트빙수,13500.0,"카페,디저트>카페",카페
가유카페_신림점,초코빙수,13500.0,"카페,디저트>카페",카페
가유카페_신림점,밀크티라떼,5000.0,"카페,디저트>카페",카페
가유카페_신림점,캐롯 케이크,7900.0,"카페,디저트>카페",카페
가유카페_신림점,레몬 치즈 케이크,7900.0,"카페,디저트>카페",카페
가유카페_신림점,솔티트버터캐러멜 머핀,4800.0,"카페,디저트>카페",카페
가유카페_신림점,초콜릿헤이즐넛 머핀,4800.0,"카페,디저트>카페",카페
가유카페_신림점,블루베리 머핀,4500.0,"카페,디저트>카페",카페
포케올데이_시흥은계점,P.O.C 핫도그(프로틴어니언클래식),6800.0,"도시락,컵밥>다이어트,샐러드",도시락
포케올데이_시흥은계점,P.E.C 핫도그(프로틴에그치즈),6800.0,"도시락,컵밥>다이어트,샐러드",도시락
포케올데이_시흥은계점,P.O.C 핫도그(프로틴어니언클래식),6800.0,"도시락,컵밥>다이어트,샐러드",도시락
포케올데이_시흥은계점,P.E.C 핫도그(프로틴에그치즈),6800.0,"도시락,컵밥>다이어트,샐러드",도시락
배배꼬_세종아름점,잠봉뵈르 소금빵,5900.0,"카페,디저트>도넛",카페
브라운베이글,테스트,1000.0,"카페,디저트>베이글",카페
배배꼬_세종아름점,허니자몽블랙티,3800.0,"카페,디저트>도넛",카페
오가샐러드_중화산점,테스트계정입니다,500.0,"음식점>카페,디저트",카페
오가샐러드_중화산점,결제시매출정산에문제발생!,1200.0,"음식점>카페,디저트",카페
오가샐러드_중화산점,영업전우노스에꼭연락주세요,1500.0,"음식점>카페,디저트",카페
오가샐러드_중화산점,1800-4520에2번,2000.0,"음식점>카페,디저트",카페
오가샐러드_중화산점,테스트결제는가능합니다,100.0,"음식점>카페,디저트",카페
오가샐러드_중화산점,(ICE)레몬에이드,5000.0,"음식점>카페,디저트",카페
오가샐러드_중화산점,된장스무디,80000.0,"음식점>카페,디저트",카페
오가샐러드_중화산점,테스트계정입니다,500.0,"음식점>카페,디저트",카페
오가샐러드_중화산점,결제시매출정산에문제발생!,1200.0,"음식점>카페,디저트",카페
오가샐러드_중화산점,영업전우노스에꼭연락주세요,1500.0,"음식점>카페,디저트",카페
오가샐러드_중화산점,1800-4520에2번,2000.0,"음식점>카페,디저트",카페
오가샐러드_중화산점,테스트결제는가능합니다,100.0,"음식점>카페,디저트",카페
오가샐러드_중화산점,(ICE)레몬에이드,5000.0,"음식점>카페,디저트",카페
오가샐러드_중화산점,된장스무디,80000.0,"음식점>카페,디저트",카페
오가샐러드_중화산점,테스트,1000.0,"음식점>카페,디저트",카페
라쿤라떼17,르완다 마쿠바 풀리,5500.0,"음식점>카페,디저트",카페
라쿤라떼17,과테말라 세리토스,4500.0,"음식점>카페,디저트",카페
라쿤라떼17,에티오피아 모모라 구지 G,5500.0,"음식점>카페,디저트",카페
라쿤라떼17,브라질 만치케이라 드 미나,5500.0,"음식점>카페,디저트",카페
라쿤라떼17,오늘의 커피,5000.0,"음식점>카페,디저트",카페
라쿤라떼17,디카페인,5500.0,"음식점>카페,디저트",카페
라쿤라떼17,콜롬비아,6000.0,"음식점>카페,디저트",카페
라쿤라떼17,에티오피아 워시드,6000.0,"음식점>카페,디저트",카페
라쿤라떼17,에티오피아 내추럴,6000.0,"음식점>카페,디저트",카페
라쿤라떼17,코스타리카,5500.0,"음식점>카페,디저트",카페
라쿤라떼17,과테말라,5500.0,"음식점>카페,디저트",카페
라쿤라떼17,스위트 카모마일,4000.0,"음식점>카페,디저트",카페
라쿤라떼17,스트로베리&바닐라,4000.0,"음식점>카페,디저트",카페
라쿤라떼17,애플&시나몬,4000.0,"음식점>카페,디저트",카페
라쿤라떼17,진저&레몬,4000.0,"음식점>카페,디저트",카페
라쿤라떼17,라즈베리,4000.0,"음식점>카페,디저트",카페
라쿤라떼17,피치,4000.0,"음식점>카페,디저트",카페
라쿤라떼17,스위트카모마일,4000.0,"음식점>카페,디저트",카페
라쿤라떼17,수제레몬티,5000.0,"음식점>카페,디저트",카페
라쿤라떼17,수제자몽티,5000.0,"음식점>카페,디저트",카페
라쿤라떼17,유자애플티,5500.0,"음식점>카페,디저트",카페
라쿤라떼17,애플티,4500.0,"음식점>카페,디저트",카페
라쿤라떼17,에쉬레버터스콘,3500.0,"음식점>카페,디저트",카페
라쿤라떼17,아메리칸초코스콘,4000.0,"음식점>카페,디저트",카페
라쿤라떼17,바스크치즈케이크,6500.0,"음식점>카페,디저트",카페
라쿤라떼17,마스카포네 딸기생크림케이크,6500.0,"음식점>카페,디저트",카페
라쿤라떼17,빅토리아케이크,6500.0,"음식점>카페,디저트",카페
라쿤라떼17,초코생크림케이크,6500.0,"음식점>카페,디저트",카페
라쿤라떼17,크랜베리크림치즈스콘,4000.0,"음식점>카페,디저트",카페
라쿤라떼17,초코바스크치즈,7000.0,"음식점>카페,디저트",카페
라쿤라떼17,말차바스크치즈,7000.0,"음식점>카페,디저트",카페
라쿤라떼17,베이컨파파스콘,4500.0,"음식점>카페,디저트",카페
라쿤라떼17,바질토마토스콘,4000.0,"음식점>카페,디저트",카페
라쿤라떼17,화이트바닐라크림라떼,5500.0,"음식점>카페,디저트",카페
라쿤라떼17,브라운초코크림라떼,5500.0,"음식점>카페,디저트",카페
라쿤라떼17,제주말차크림라떼,5500.0,"음식점>카페,디저트",카페
라쿤라떼17,슈가팝라떼,4800.0,"음식점>카페,디저트",카페
라쿤라떼17,콜드폼라노체,4800.0,"음식점>카페,디저트",카페
라쿤라떼17,콜드브루 디카페인 콜롬비아,0.0,"음식점>카페,디저트",카페
라쿤라떼17,콜드브루 디카페인 에디오피,0.0,"음식점>카페,디저트",카페
라쿤라떼17,아이스크림라테,6500.0,"음식점>카페,디저트",카페
라쿤라떼17,아이스크림라테,6500.0,"음식점>카페,디저트",카페
라쿤라떼17,비엔나크림커피,6000.0,"음식점>카페,디저트",카페
라쿤라떼17,아메리카노,3500.0,"음식점>카페,디저트",카페
라쿤라떼17,카페라떼,4000.0,"음식점>카페,디저트",카페
라쿤라떼17,바닐라라떼,4500.0,"음식점>카페,디저트",카페
라쿤라떼17,카페모카,4500.0,"음식점>카페,디저트",카페
라쿤라떼17,돌체라떼,5000.0,"음식점>카페,디저트",카페
라쿤라떼17,캐러멜마키아토,5000.0,"음식점>카페,디저트",카페
라쿤라떼17,아인슈페너 (only ice),5000.0,"음식점>카페,디저트",카페
라쿤라떼17,스폐셜아메리카노,3800.0,"음식점>카페,디저트",카페
라쿤라떼17,카푸치노,4500.0,"음식점>카페,디저트",카페
라쿤라떼17,메이플망고크림라떼,4500.0,"음식점>카페,디저트",카페
라쿤라떼17,핑크솔트딸기크림라떼,4500.0,"음식점>카페,디저트",카페
라쿤라떼17,다크초코크림라떼,4500.0,"음식점>카페,디저트",카페
라쿤라떼17,레몬청포도크림라떼,4500.0,"음식점>카페,디저트",카페
라쿤라떼17,아몬드얼그레이크림라떼,4500.0,"음식점>카페,디저트",카페
라쿤라떼17,블루베리크림라떼,4500.0,"음식점>카페,디저트",카페
라쿤라떼17,리얼더블크림커피,6500.0,"음식점>카페,디저트",카페
라쿤라떼17,쿠앤크바닐라쉐이크,4800.0,"음식점>카페,디저트",카페
라쿤라떼17,화이트바닐라크림쉐이크,4800.0,"음식점>카페,디저트",카페
라쿤라떼17,초코연유크림스무디,4800.0,"음식점>카페,디저트",카페
라쿤라떼17,딸기요거트스무디,4500.0,"음식점>카페,디저트",카페
라쿤라떼17,망고요거트스무디,4500.0,"음식점>카페,디저트",카페
라쿤라떼17,블루베리요거트스무디,4500.0,"음식점>카페,디저트",카페
라쿤라떼17,복숭아자두요거트스무디,4500.0,"음식점>카페,디저트",카페
라쿤라떼17,플레인요거트스무디,4500.0,"음식점>카페,디저트",카페
라쿤라떼17,플레인요거트스무디,4500.0,"음식점>카페,디저트",카페
라쿤라떼17,생딸기라떼,6000.0,"음식점>카페,디저트",카페
라쿤라떼17,리얼초코,5000.0,"음식점>카페,디저트",카페
라쿤라떼17,말차(녹차)라떼,5000.0,"음식점>카페,디저트",카페
라쿤라떼17,허니레몬티,3800.0,"음식점>카페,디저트",카페
라쿤라떼17,허니자몽티,3800.0,"음식점>카페,디저트",카페
라쿤라떼17,히비스커스,3800.0,"음식점>카페,디저트",카페
라쿤라떼17,복숭아이스티,3500.0,"음식점>카페,디저트",카페
라쿤라떼17,아일리스 애플티,3500.0,"음식점>카페,디저트",카페
라쿤라떼17,잉글리쉬블랙퍼스트,3500.0,"음식점>카페,디저트",카페
라쿤라떼17,캐모마일,3500.0,"음식점>카페,디저트",카페
라쿤라떼17,페퍼민트,3500.0,"음식점>카페,디저트",카페
라쿤라떼17,유자애플티,3800.0,"음식점>카페,디저트",카페
라쿤라떼17,오렌지한라봉에이드,3800.0,"음식점>카페,디저트",카페
라쿤라떼17,자몽에이드,5500.0,"음식점>카페,디저트",카페
라쿤라떼17,청포도에이드,3800.0,"음식점>카페,디저트",카페
라쿤라떼17,레몬에이드,5500.0,"음식점>카페,디저트",카페
라쿤라떼17,체리에이드,3800.0,"음식점>카페,디저트",카페
라쿤라떼17,레몬청포도에이드,3800.0,"음식점>카페,디저트",카페
라쿤라떼17,페리에탄산수,3500.0,"음식점>카페,디저트",카페
라쿤라떼17,골든메달애플,3800.0,"음식점>카페,디저트",카페
라쿤라떼17,분다버그핑크,4000.0,"음식점>카페,디저트",카페
라쿤라떼17,산펠그리노탄산수,3500.0,"음식점>카페,디저트",카페
라쿤라떼17,스프라이트,3000.0,"음식점>카페,디저트",카페
라쿤라떼17,플레인요거트스무디,2222.0,"음식점>카페,디저트",카페
라쿤라떼17,청포도 에이드,5000.0,"음식점>카페,디저트",카페
라쿤라떼17,오렌지한라봉에이드,5000.0,"음식점>카페,디저트",카페
라쿤라떼17,부드러운원두,0.0,"음식점>카페,디저트",카페
라쿤라떼17,아이스크림 크로플,9000.0,"음식점>카페,디저트",카페
라쿤라떼17,브라운치즈 크로플,10000.0,"음식점>카페,디저트",카페
라쿤라떼17,리코타치즈샐러드,9000.0,"음식점>카페,디저트",카페
라쿤라떼17,라쿤플레이트,11000.0,"음식점>카페,디저트",카페
라쿤라떼17,그릴드더블햄치즈토스트,6000.0,"음식점>카페,디저트",카페
라쿤라떼17,HOT,0.0,"음식점>카페,디저트",카페
라쿤라떼17,ICE,0.0,"음식점>카페,디저트",카페
라쿤라떼17,사이즈업,500.0,"음식점>카페,디저트",카페
라쿤라떼17,샷추가,1000.0,"음식점>카페,디저트",카페
라쿤라떼17,휘핑있음,0.0,"음식점>카페,디저트",카페
라쿤라떼17,휘핑없음,0.0,"음식점>카페,디저트",카페
라쿤라떼17,Only ICE,0.0,"음식점>카페,디저트",카페
라쿤라떼17,선택 없음,0.0,"음식점>카페,디저트",카페
라쿤라떼17,조금만,0.0,"음식점>카페,디저트",카페
라쿤라떼17,기본,0.0,"음식점>카페,디저트",카페
라쿤라떼17,많이,0.0,"음식점>카페,디저트",카페
라쿤라떼17,많이,300.0,"음식점>카페,디저트",카페
라쿤라떼17,조금만,0.0,"음식점>카페,디저트",카페
라쿤라떼17,기본,0.0,"음식점>카페,디저트",카페
라쿤라떼17,많이,0.0,"음식점>카페,디저트",카페
라쿤라떼17,많이,300.0,"음식점>카페,디저트",카페
라쿤라떼17,치즈추가,1000.0,"음식점>카페,디저트",카페
라쿤라떼17,라코타치즈 추가,1500.0,"음식점>카페,디저트",카페
라쿤라떼17,소세지추가,1500.0,"음식점>카페,디저트",카페
라쿤라떼17,후렌치프라이추가,1000.0,"음식점>카페,디저트",카페
라쿤라떼17,아이스크림 추가,1000.0,"음식점>카페,디저트",카페
라쿤라떼17,바닐라시럽추가,300.0,"음식점>카페,디저트",카페
라쿤라떼17,초코소스추가 ,500.0,"음식점>카페,디저트",카페
라쿤라떼17,캐러멜소스추가 ,500.0,"음식점>카페,디저트",카페
라쿤라떼17,햄추가,1000.0,"음식점>카페,디저트",카페
라쿤라떼17,리코타치즈추가,1500.0,"음식점>카페,디저트",카페
라쿤라떼17,매장,0.0,"음식점>카페,디저트",카페
라쿤라떼17,포장,0.0,"음식점>카페,디저트",카페
라쿤라떼17,초코소스,500.0,"음식점>카페,디저트",카페
라쿤라떼17,플레인,0.0,"음식점>카페,디저트",카페
라쿤라떼17,레몬,0.0,"음식점>카페,디저트",카페
라쿤라떼17,라임,0.0,"음식점>카페,디저트",카페
라쿤라떼17,레몬맛,0.0,"음식점>카페,디저트",카페
라쿤라떼17,체리&석류맛,0.0,"음식점>카페,디저트",카페
라쿤라떼17,딸기마카롱,0.0,"음식점>카페,디저트",카페
라쿤라떼17,강아지마카롱,0.0,"음식점>카페,디저트",카페
라쿤라떼17,고양이마카롱,0.0,"음식점>카페,디저트",카페
라쿤라떼17,러브마카롱,0.0,"음식점>카페,디저트",카페
라쿤라떼17,블루베리마카롱,0.0,"음식점>카페,디저트",카페
라쿤라떼17,츄러스,0.0,"음식점>카페,디저트",카페
라쿤라떼17,초코 ,0.0,"음식점>카페,디저트",카페
라쿤라떼17,브라운치즈,0.0,"음식점>카페,디저트",카페
라쿤라떼17,플레인,0.0,"음식점>카페,디저트",카페
라쿤라떼17,무화과,0.0,"음식점>카페,디저트",카페
라쿤라떼17,진한원두,0.0,"음식점>카페,디저트",카페
라쿤라떼17,디카페인,1000.0,"음식점>카페,디저트",카페
라쿤라떼17,쿠키슈,3000.0,"음식점>카페,디저트",카페
라쿤라떼17,우유크림카스테라,4500.0,"음식점>카페,디저트",카페
라쿤라떼17,시카고치즈케이크,6000.0,"음식점>카페,디저트",카페
라쿤라떼17,초코쿠키치즈케이크,6000.0,"음식점>카페,디저트",카페
라쿤라떼17,얼그레이쇼콜라,5500.0,"음식점>카페,디저트",카페
라쿤라떼17,레아치즈타르트,5500.0,"음식점>카페,디저트",카페
라쿤라떼17,티라미수타르트,5500.0,"음식점>카페,디저트",카페
라쿤라떼17,오리지널티라미수케이크,6800.0,"음식점>카페,디저트",카페
라쿤라떼17,레드벨벳케이크,5500.0,"음식점>카페,디저트",카페
라쿤라떼17,당근케이크,5500.0,"음식점>카페,디저트",카페
라쿤라떼17,갸토쇼콜라,5500.0,"음식점>카페,디저트",카페
라쿤라떼17,마카롱,2500.0,"음식점>카페,디저트",카페
라쿤라떼17,당근크림치즈케이크 ,6000.0,"음식점>카페,디저트",카페
라쿤라떼17,에그타르트 ,3500.0,"음식점>카페,디저트",카페
라쿤라떼17,초코스모어 ,3500.0,"음식점>카페,디저트",카페
라쿤라떼17,쿠앤크스모어,3500.0,"음식점>카페,디저트",카페
라쿤라떼17,휘낭시에 ,2800.0,"음식점>카페,디저트",카페
라쿤라떼17,리얼망고케이크,7000.0,"음식점>카페,디저트",카페
할머니가래떡볶이(발산점),로제가래떡볶이(1~2인분),8900.0,음식점>분식,분식
할머니가래떡볶이(발산점),남포동떡볶이(1~2인분),7900.0,음식점>분식,분식
할머니가래떡볶이(발산점),밀떡볶이(1~2인분),6900.0,음식점>분식,분식
할머니가래떡볶이(발산점),할머니가래떡볶이(3~4인분),13900.0,음식점>분식,분식
할머니가래떡볶이(발산점),치즈할머니가래떡볶이(3~4인분),15900.0,음식점>분식,분식
할머니가래떡볶이(발산점),남순모SET,17900.0,음식점>분식,분식
할머니가래떡볶이(발산점),남포동과 순살치킨,15900.0,음식점>분식,분식
할머니가래떡볶이(발산점),할가떡튀김 SET,18900.0,음식점>분식,분식
할머니가래떡볶이(발산점),어떡할가SET,17900.0,음식점>분식,분식
할머니가래떡볶이(발산점),꼬마김밥 5줄,3000.0,음식점>분식,분식
할머니가래떡볶이(발산점),꼬마김밥 10줄,5000.0,음식점>분식,분식
할머니가래떡볶이(발산점),빨강오뎅,4000.0,음식점>분식,분식
할머니가래떡볶이(발산점),가래떡튀김+조청,1500.0,음식점>분식,분식
할머니가래떡볶이(발산점),순대,4000.0,음식점>분식,분식
할머니가래떡볶이(발산점),물떡어묵탕,5900.0,음식점>분식,분식
할머니가래떡볶이(발산점),빨강물떡어묵탕,5900.0,음식점>분식,분식
할머니가래떡볶이(발산점),모듬튀김,6000.0,음식점>분식,분식
할머니가래떡볶이(발산점),치즈볼4개,4000.0,음식점>분식,분식
할머니가래떡볶이(발산점),셀프주먹밥,3000.0,음식점>분식,분식
할머니가래떡볶이(발산점),핫도그2개,3000.0,음식점>분식,분식
할머니가래떡볶이(발산점),김말이3개,2000.0,음식점>분식,분식
할머니가래떡볶이(발산점),만두튀김4개,2000.0,음식점>분식,분식
할머니가래떡볶이(발산점),치즈스틱4개,3000.0,음식점>분식,분식
할머니가래떡볶이(발산점),어묵튀김6개,2000.0,음식점>분식,분식
할머니가래떡볶이(발산점),게다리튀김4개,4000.0,음식점>분식,분식
할머니가래떡볶이(발산점),오징어튀김3개,3000.0,음식점>분식,분식
할머니가래떡볶이(발산점),고구마튀김3개,2000.0,음식점>분식,분식
할머니가래떡볶이(발산점),단무지추가,500.0,음식점>분식,분식
할머니가래떡볶이(발산점),순살치킨,8000.0,음식점>분식,분식
할머니가래떡볶이(발산점),쿨피스(450ml),1000.0,음식점>분식,분식
할머니가래떡볶이(발산점),콜라500ml,1500.0,음식점>분식,분식
할머니가래떡볶이(발산점),콜라1.25L,2500.0,음식점>분식,분식
할머니가래떡볶이(발산점),사이다500ml,1500.0,음식점>분식,분식
할머니가래떡볶이(발산점),사이다1.25L,2500.0,음식점>분식,분식
할머니가래떡볶이(발산점),1단계,0.0,음식점>분식,분식
할머니가래떡볶이(발산점),2단계,0.0,음식점>분식,분식
할머니가래떡볶이(발산점),3단계,0.0,음식점>분식,분식
할머니가래떡볶이(발산점),밀떡변경,0.0,음식점>분식,분식
할머니가래떡볶이(발산점),분모자변경,2000.0,음식점>분식,분식
할머니가래떡볶이(발산점),파마산,500.0,음식점>분식,분식
할머니가래떡볶이(발산점),콩가루,500.0,음식점>분식,분식
할머니가래떡볶이(발산점),계란1개,500.0,음식점>분식,분식
할머니가래떡볶이(발산점),비엔나5개,1000.0,음식점>분식,분식
할머니가래떡볶이(발산점),가래떡1개,1000.0,음식점>분식,분식
할머니가래떡볶이(발산점),어묵사리,1000.0,음식점>분식,분식
할머니가래떡볶이(발산점),치즈사리,2000.0,음식점>분식,분식
할머니가래떡볶이(발산점),분모자,1500.0,음식점>분식,분식
할머니가래떡볶이(발산점),테스트상품1,1000.0,음식점>분식,분식
할머니가래떡볶이(발산점),오픈행사(남포동과순살치킨),8000.0,음식점>분식,분식
할머니가래떡볶이(발산점),닭갈비가래떡볶이,9900.0,음식점>분식,분식
할머니가래떡볶이(발산점),카스(병),4000.0,음식점>분식,분식
할머니가래떡볶이(발산점),테라(병),4000.0,음식점>분식,분식
할머니가래떡볶이(발산점),카프리(병),4000.0,음식점>분식,분식
할머니가래떡볶이(발산점),소주(처음처럼),4000.0,음식점>분식,분식
할머니가래떡볶이(발산점),소주(참이슬 순한),4000.0,음식점>분식,분식
할머니가래떡볶이(발산점),소주(진로이즈백),4000.0,음식점>분식,분식
할머니가래떡볶이(발산점),(포장할인)남순모SET,14900.0,음식점>분식,분식
할머니가래떡볶이(발산점),(포장할인) 남포동과순살치킨,12900.0,음식점>분식,분식
할머니가래떡볶이(발산점),(포장할인)할가떡튀김SET,15900.0,음식점>분식,분식
할머니가래떡볶이(발산점),(포장할인)어떡할가SET,14900.0,음식점>분식,분식
할머니가래떡볶이(발산점),(포장할인)남김모SET,14900.0,음식점>분식,분식
호주에서온스시(연산),특선세트10P(1인분),10900.0,"일식>초밥,롤",일식
호주에서온스시(연산),초밥세트12P(1인분),12900.0,"일식>초밥,롤",일식
호주에서온스시(연산),초밥세트26P(2인분),20900.0,"일식>초밥,롤",일식
호주에서온스시(연산),연어세트12P(1인분),16900.0,"일식>초밥,롤",일식
호주에서온스시(연산),스시앤롤세트22P(2인분),24900.0,"일식>초밥,롤",일식
호주에서온스시(연산),호온세트,10900.0,"일식>초밥,롤",일식
호주에서온스시(연산),간장새우초밥4p,6400.0,"일식>초밥,롤",일식
호주에서온스시(연산),구운소고기초밥4p,6400.0,"일식>초밥,롤",일식
호주에서온스시(연산),생연어초밥4p,6600.0,"일식>초밥,롤",일식
호주에서온스시(연산),구운연어초밥4p,6600.0,"일식>초밥,롤",일식
호주에서온스시(연산),광어초밥4p,5900.0,"일식>초밥,롤",일식
호주에서온스시(연산),구운장어초밥4p,5900.0,"일식>초밥,롤",일식
호주에서온스시(연산),초새우초밥4p,3700.0,"일식>초밥,롤",일식
호주에서온스시(연산),구운계란초밥4p,3700.0,"일식>초밥,롤",일식
호주에서온스시(연산),구운유부초밥4p,3700.0,"일식>초밥,롤",일식
호주에서온스시(연산),구운새우초밥4p,4400.0,"일식>초밥,롤",일식
호주에서온스시(연산),관자초밥 4p,5900.0,"일식>초밥,롤",일식
호주에서온스시(연산),한치 4p,3400.0,"일식>초밥,롤",일식
호주에서온스시(연산),구운게살 4p,3400.0,"일식>초밥,롤",일식
호주에서온스시(연산),한치 4p,3700.0,"일식>초밥,롤",일식
호주에서온스시(연산),구운게살 4p,3700.0,"일식>초밥,롤",일식
호주에서온스시(연산),캘리포니아롤9p,8900.0,"일식>초밥,롤",일식
호주에서온스시(연산),연어아보카도롤9p,10900.0,"일식>초밥,롤",일식
호주에서온스시(연산),치킨카츠아보카도롤9p,8900.0,"일식>초밥,롤",일식
호주에서온스시(연산),연어스테이크롤8p,14900.0,"일식>초밥,롤",일식
호주에서온스시(연산),구운장어롤 8p,14900.0,"일식>초밥,롤",일식
호주에서온스시(연산),연어크림치즈아보카도롤9p,11900.0,"일식>초밥,롤",일식
호주에서온스시(연산),콤비네이션롤9p,10900.0,"일식>초밥,롤",일식
호주에서온스시(연산),한개우동,6000.0,"일식>초밥,롤",일식
호주에서온스시(연산),반개우동,3000.0,"일식>초밥,롤",일식
호주에서온스시(연산),모듬고로케3p,3000.0,"일식>초밥,롤",일식
호주에서온스시(연산),새우튀김 3p,3000.0,"일식>초밥,롤",일식
호주에서온스시(연산),타코야끼볼 6p,3000.0,"일식>초밥,롤",일식
호주에서온스시(연산),등심돈까스+유부초밥,8000.0,"일식>초밥,롤",일식
호주에서온스시(연산),치즈돈까스+유부초밥,9000.0,"일식>초밥,롤",일식
호주에서온스시(연산),냉모밀,7000.0,"일식>초밥,롤",일식
호주에서온스시(연산),펩시콜라,2000.0,"일식>초밥,롤",일식
호주에서온스시(연산),칠성사이다,2000.0,"일식>초밥,롤",일식
호주에서온스시(연산),미린다파인,2000.0,"일식>초밥,롤",일식
호주에서온스시(연산),밀키스,2000.0,"일식>초밥,롤",일식
호주에서온스시(연산),마운틴듀 ,2000.0,"일식>초밥,롤",일식
호주에서온스시(연산),대선 ,4000.0,"일식>초밥,롤",일식
호주에서온스시(연산),참이슬 ,4000.0,"일식>초밥,롤",일식
호주에서온스시(연산),좋은데이,4000.0,"일식>초밥,롤",일식
호주에서온스시(연산),진로,4000.0,"일식>초밥,롤",일식
호주에서온스시(연산),테라 ,4000.0,"일식>초밥,롤",일식
호주에서온스시(연산),카스 ,4000.0,"일식>초밥,롤",일식
호주에서온스시(연산),클라우드,4000.0,"일식>초밥,롤",일식
호주에서온스시(연산),처음처럼,4000.0,"일식>초밥,롤",일식
호주에서온스시(연산),스파클링,2000.0,"일식>초밥,롤",일식
호주에서온스시(연산),트로피카나스파클링 오랜지,2000.0,"일식>초밥,롤",일식
호주에서온스시(연산),연어,0.0,"일식>초밥,롤",일식
호주에서온스시(연산),광어,0.0,"일식>초밥,롤",일식
호주에서온스시(연산),장어,0.0,"일식>초밥,롤",일식
호주에서온스시(연산),관자,0.0,"일식>초밥,롤",일식
호주에서온스시(연산),소고기,0.0,"일식>초밥,롤",일식
호주에서온스시(연산),초새우,0.0,"일식>초밥,롤",일식
호주에서온스시(연산),간장새우,0.0,"일식>초밥,롤",일식
호주에서온스시(연산),한치,0.0,"일식>초밥,롤",일식
호주에서온스시(연산),대게살,0.0,"일식>초밥,롤",일식
호주에서온스시(연산),계란,0.0,"일식>초밥,롤",일식
호주에서온스시(연산),유부,0.0,"일식>초밥,롤",일식
호주에서온스시(연산),진맛살(롤용),0.0,"일식>초밥,롤",일식
호주에서온스시(연산),새우튀김,0.0,"일식>초밥,롤",일식
호주에서온스시(연산),감자고로케,0.0,"일식>초밥,롤",일식
호주에서온스시(연산),카레고로케,0.0,"일식>초밥,롤",일식
호주에서온스시(연산),야채고로케,0.0,"일식>초밥,롤",일식
호주에서온스시(연산),타코야끼볼,0.0,"일식>초밥,롤",일식
호주에서온스시(연산),락교,0.0,"일식>초밥,롤",일식
호주에서온스시(연산),생와사비,0.0,"일식>초밥,롤",일식
호주에서온스시(연산),산고추,0.0,"일식>초밥,롤",일식
호주에서온스시(연산),초생강(적),0.0,"일식>초밥,롤",일식
호주에서온스시(연산),단무지,0.0,"일식>초밥,롤",일식
호주에서온스시(연산),날치알,0.0,"일식>초밥,롤",일식
호주에서온스시(연산),돈카츠,0.0,"일식>초밥,롤",일식
호주에서온스시(연산),치즈카츠,0.0,"일식>초밥,롤",일식
호주에서온스시(연산),치킨카츠,0.0,"일식>초밥,롤",일식
호주에서온스시(연산),우동면,0.0,"일식>초밥,롤",일식
호주에서온스시(연산),우동쯔유,0.0,"일식>초밥,롤",일식
호주에서온스시(연산),우동어묵,0.0,"일식>초밥,롤",일식
호주에서온스시(연산),가쓰오부시,0.0,"일식>초밥,롤",일식
호주에서온스시(연산),돈카츠소스,0.0,"일식>초밥,롤",일식
호주에서온스시(연산),타르타르소스,0.0,"일식>초밥,롤",일식
호주에서온스시(연산),파슬리,0.0,"일식>초밥,롤",일식
호주에서온스시(연산),초대리,0.0,"일식>초밥,롤",일식
호주에서온스시(연산),데리야끼소스,0.0,"일식>초밥,롤",일식
호주에서온스시(연산),스파이시소스,0.0,"일식>초밥,롤",일식
호주에서온스시(연산),김,0.0,"일식>초밥,롤",일식
호주에서온스시(연산),붕어간장,0.0,"일식>초밥,롤",일식
호주에서온스시(연산),스시4용기,0.0,"일식>초밥,롤",일식
호주에서온스시(연산),스시10용기,0.0,"일식>초밥,롤",일식
호주에서온스시(연산),스시12용기,0.0,"일식>초밥,롤",일식
호주에서온스시(연산),스시26용기,0.0,"일식>초밥,롤",일식
호주에서온스시(연산),돈까스용기,0.0,"일식>초밥,롤",일식
호주에서온스시(연산),롤용기,0.0,"일식>초밥,롤",일식
호주에서온스시(연산),우동용기,0.0,"일식>초밥,롤",일식
호주에서온스시(연산),우동국물(소),0.0,"일식>초밥,롤",일식
호주에서온스시(연산),우동국물(대),0.0,"일식>초밥,롤",일식
호주에서온스시(연산),반찬용기,0.0,"일식>초밥,롤",일식
호주에서온스시(연산),비닐봉지(소),0.0,"일식>초밥,롤",일식
호주에서온스시(연산),비닐봉지(대),0.0,"일식>초밥,롤",일식
호주에서온스시(연산),나무젓가락,0.0,"일식>초밥,롤",일식
호주에서온스시(연산),해동지,0.0,"일식>초밥,롤",일식
커피마마퀸 조암점,카페라떼,2800.0,None,None
커피마마퀸 조암점,바닐라라떼,3300.0,None,None
커피마마퀸 조암점,헤이즐넛아메리카노,3500.0,None,None
커피마마퀸 조암점,연유라떼,3500.0,None,None
커피마마퀸 조암점,카라멜 마끼아또,3500.0,None,None
커피마마퀸 조암점,카페모카,3500.0,None,None
커피마마퀸 조암점,민트모카,4200.0,None,None
커피마마퀸 조암점,꿀 아메리카노,2800.0,None,None
커피마마퀸 조암점,꿀 카페라떼,3800.0,None,None
커피마마퀸 조암점,치즈크림 아메리카노(only ice),4000.0,None,None
커피마마퀸 조암점,치즈크림 카페라떼(only ice),4500.0,None,None
커피마마퀸 조암점,시럽/샷/휘핑/코코넛젤리추가,500.0,None,None
커피마마퀸 조암점,아메리카노,1500.0,None,None
커피마마퀸 조암점,1리터아메(only ice,3500.0,None,None
커피마마퀸 조암점,(행사)아메리카노,1000.0,None,None
커피마마퀸 조암점,카푸치노,2800.0,None,None
커피마마퀸 조암점,초코라떼,3300.0,None,None
커피마마퀸 조암점,녹차라떼,3300.0,None,None
커피마마퀸 조암점,밀크티,3300.0,None,None
커피마마퀸 조암점,고구마라떼,3500.0,None,None
커피마마퀸 조암점,흑임자라떼,3500.0,None,None
커피마마퀸 조암점,딸기라떼(only ice),3800.0,None,None
커피마마퀸 조암점,민트초코라떼,3800.0,None,None
커피마마퀸 조암점,이천쌀라떼(only hot),3800.0,None,None
커피마마퀸 조암점,초코버블라떼(only ice),4000.0,None,None
커피마마퀸 조암점,그린티버블라떼(only ice),4000.0,None,None
커피마마퀸 조암점,쿠앤크버블라떼(only ice),4000.0,None,None
커피마마퀸 조암점,딸기버블라떼(only ice),4000.0,None,None
커피마마퀸 조암점,흑당버블라떼(only ice),4000.0,None,None
커피마마퀸 조암점,오곡라떼,3800.0,None,None
커피마마퀸 조암점,커피 프라페,4500.0,None,None
커피마마퀸 조암점,헤이즐넛  프라페,4500.0,None,None
커피마마퀸 조암점,녹차 프라페,4500.0,None,None
커피마마퀸 조암점,민트초코칩 프라페,4800.0,None,None
커피마마퀸 조암점,자바칩 프라페,4800.0,None,None
커피마마퀸 조암점,쿠앤크 프라페,5000.0,None,None
커피마마퀸 조암점,이천쌀 프라페,4800.0,None,None
커피마마퀸 조암점,플레인 요거트 스무디,3800.0,None,None
커피마마퀸 조암점,딸기 요거트 스무디,3800.0,None,None
커피마마퀸 조암점,망고 요거트 스무디,3800.0,None,None
커피마마퀸 조암점,자두 요거트 스무디,3800.0,None,None
커피마마퀸 조암점,큐브수박스무디(계절),4500.0,None,None
커피마마퀸 조암점,큐브망고스무디(계절),4500.0,None,None
커피마마퀸 조암점,인절미 빙수치노,5000.0,None,None
커피마마퀸 조암점,딸기 빙수치노,5000.0,None,None
커피마마퀸 조암점,흑임자 빙수치노,5000.0,None,None
커피마마퀸 조암점,바닐라 코코팝,4000.0,None,None
커피마마퀸 조암점,딸기 코코팝,4000.0,None,None
커피마마퀸 조암점,쿠앤크 코코팝,4000.0,None,None
커피마마퀸 조암점,밀크 쉐이크,4200.0,None,None
커피마마퀸 조암점,딸기오레오 쉐이크,4200.0,None,None
커피마마퀸 조암점,오레오 쉐이크,4200.0,None,None
커피마마퀸 조암점,녹차오레오 쉐이크,4200.0,None,None
커피마마퀸 조암점,꿀고구마아메세트,3500.0,None,None
커피마마퀸 조암점,꿀고구마라떼세트,4500.0,None,None
커피마마퀸 조암점,꿀고구마단짝아메세트,8500.0,None,None
커피마마퀸 조암점,딸기주스,4200.0,None,None
커피마마퀸 조암점,바나나주스,4200.0,None,None
커피마마퀸 조암점,딸기바나나주스,4200.0,None,None
커피마마퀸 조암점,키위주스,4200.0,None,None
커피마마퀸 조암점,토마토주스,4200.0,None,None
커피마마퀸 조암점,오렌지주스,4200.0,None,None
커피마마퀸 조암점,블루베리주스,4200.0,None,None
커피마마퀸 조암점,망고주스,4500.0,None,None
커피마마퀸 조암점,핑크레몬 에이드,3900.0,None,None
커피마마퀸 조암점,블루레몬 에이드,3900.0,None,None
커피마마퀸 조암점,청포도 에이드,3900.0,None,None
커피마마퀸 조암점,자몽에이드,3900.0,None,None
커피마마퀸 조암점,자두에이드,3900.0,None,None
커피마마퀸 조암점,복숭아 아이스티,2800.0,None,None
커피마마퀸 조암점,홍차_얼그레이,2800.0,None,None
커피마마퀸 조암점,허브티_캐모마일,2800.0,None,None
커피마마퀸 조암점,허브티_레몬그라스,2800.0,None,None
커피마마퀸 조암점,꿀 캐미유자차,3300.0,None,None
커피마마퀸 조암점,꿀 레몬그라스차,3300.0,None,None
커피마마퀸 조암점,꿀 블랙오미자차,3300.0,None,None
커피마마퀸 조암점,1리터 아이스티 (only ice),4300.0,None,None
커피마마퀸 조암점,쿠키 2종,1500.0,None,None
커피마마퀸 조암점,베이글칩 2종,2500.0,None,None
커피마마퀸 조암점,웨하스 2종,1500.0,None,None
커피마마퀸 조암점,스투룹와플,1500.0,None,None
커피마마퀸 조암점,앤디스초콜릿 2종,2300.0,None,None
커피마마퀸 조암점,초코칩 머핀,2500.0,None,None
커피마마퀸 조암점,비스킷슈 2종,3000.0,None,None
커피마마퀸 조암점,크림카스테라,4500.0,None,None
커피마마퀸 조암점,말렌카케이크 2종,5000.0,None,None
커피마마퀸 조암점,모카번,2500.0,None,None
커피마마퀸 조암점,머핀 2종,2500.0,None,None
커피마마퀸 조암점,마카롱 5종,2500.0,None,None
커피마마퀸 조암점,크림치즈 프레즐,2800.0,None,None
커피마마퀸 조암점,베이글+크림치즈,3000.0,None,None
커피마마퀸 조암점,소시지 페스츄리,3500.0,None,None
커피마마퀸 조암점,크로크무슈,4000.0,None,None
커피마마퀸 조암점,미니 떡볶이,4300.0,None,None
커피마마퀸 조암점,치즈미니 떡볶이,4800.0,None,None
커피마마퀸 조암점,꿀고구마,2200.0,None,None
커피마마퀸 조암점,꿀고구마3개,6000.0,None,None
커피마마퀸 조암점,허니버터 꿀고구마,3200.0,None,None
커피마마퀸 조암점,허니치즈 꿀고구마,3200.0,None,None
커피마마퀸 조암점,콘마요 꿀고구마,3200.0,None,None
커피마마퀸 조암점,크림듬뿍와플,2800.0,None,None
커피마마퀸 조암점,사과잼와플,3500.0,None,None
커피마마퀸 조암점,딸기잼와플,3500.0,None,None
커피마마퀸 조암점,블루베리잼와플,3500.0,None,None
커피마마퀸 조암점,달달고구마와플,3800.0,None,None
커피마마퀸 조암점,팥이동동 와플,3800.0,None,None
커피마마퀸 조암점,누텔라콕콕와플,4000.0,None,None
커피마마퀸 조암점,블루베리크림치즈와플,4000.0,None,None
커피마마퀸 조암점,피넛딸기와플,4000.0,None,None
커피마마퀸 조암점,피넛블루베리와플,4000.0,None,None
커피마마퀸 조암점,콘체다와플,4500.0,None,None
커피마마퀸 조암점,시나몬바게트볼,5000.0,None,None
커피마마퀸 조암점,스콘 2종 ,2500.0,None,None
커피마마퀸 조암점,잉글리쉬머핀,3500.0,None,None
커피마마퀸 조암점,브라우니,3800.0,None,None
커피마마퀸 조암점,아이스크림 브라우니,5000.0,None,None
커피마마퀸 조암점,플레인크로플,2800.0,None,None
커피마마퀸 조암점,시나몬크로플,3300.0,None,None
커피마마퀸 조암점,인절미크로플,3800.0,None,None
커피마마퀸 조암점,누텔라크로플,3800.0,None,None
커피마마퀸 조암점,체다치즈크로플,3800.0,None,None
커피마마퀸 조암점,크림치즈크로플,4300.0,None,None
커피마마퀸 조암점,애플시나몬크로플,4300.0,None,None
커피마마퀸 조암점,딸기크로플,4300.0,None,None
커피마마퀸 조암점,블루베리크로플,4300.0,None,None
커피마마퀸 조암점,초코크런치크로플,4300.0,None,None
커피마마퀸 조암점,티라미수크로플,4300.0,None,None
커피마마퀸 조암점,콘체다크로플,4300.0,None,None
커피마마퀸 조암점,젤라소프트,3500.0,None,None
커피마마퀸 조암점,아포가토(Only Iced),4500.0,None,None
커피마마퀸 조암점,플레인 소프트,1500.0,None,None
커피마마퀸 조암점,콘소프트 ,2000.0,None,None
커피마마퀸 조암점,망고소프트 ,3300.0,None,None
커피마마퀸 조암점,초코쿠키소프트,3300.0,None,None
커피마마퀸 조암점,아포가토소프트,3000.0,None,None
커피마마퀸 조암점,Hot,0.0,None,None
커피마마퀸 조암점,Ice,0.0,None,None
커피마마퀸 조암점,선택 없음,0.0,None,None
커피마마퀸 조암점,바닐라시럽 추가,500.0,None,None
커피마마퀸 조암점,샷 추가,500.0,None,None
커피마마퀸 조암점,휘핑 추가,500.0,None,None
커피마마퀸 조암점,코코넛 젤리 추가,500.0,None,None
커피마마퀸 조암점,라떼로 변경 1잔,1000.0,None,None
커피마마퀸 조암점,로키로드,0.0,None,None
커피마마퀸 조암점,오트밀레이즌,0.0,None,None
커피마마퀸 조암점,초콜릿 청크,0.0,None,None
커피마마퀸 조암점,허니버터,0.0,None,None
커피마마퀸 조암점,갈릭버터,0.0,None,None
커피마마퀸 조암점,나폴리타너,0.0,None,None
커피마마퀸 조암점,바닐라,0.0,None,None
커피마마퀸 조암점,민트파르페,0.0,None,None
커피마마퀸 조암점,크림데민트,0.0,None,None
커피마마퀸 조암점,바닐라,0.0,None,None
커피마마퀸 조암점,초코,0.0,None,None
커피마마퀸 조암점,월넛,0.0,None,None
커피마마퀸 조암점,코코아,0.0,None,None
커피마마퀸 조암점,초코,0.0,None,None
커피마마퀸 조암점,블루베리,0.0,None,None
커피마마퀸 조암점,말차초코,0.0,None,None
커피마마퀸 조암점,핑크딸기,0.0,None,None
커피마마퀸 조암점,황치즈,0.0,None,None
커피마마퀸 조암점,얼그레이,0.0,None,None
커피마마퀸 조암점,초코라떼,0.0,None,None
커피마마퀸 조암점,플레인,0.0,None,None
커피마마퀸 조암점,어니언,0.0,None,None
커피마마퀸 조암점,블루베리,0.0,None,None
커피마마퀸 조암점,건포도,0.0,None,None
커피마마퀸 조암점,호두,0.0,None,None
커피마마퀸 조암점,바닐라,0.0,None,None
커피마마퀸 조암점,바닐라&초코,0.0,None,None
커피마마퀸 조암점,망고,0.0,None,None
우키샌드위치_송정점,(?˙?˙?) 2배용량 사이즈업 아이스 카페라떼,8600.0,양식>샌드위치,양식
와피_미아역점,A.대만샌드위치+아메리카노,4000.0,"음식점>카페,디저트",카페
이호당,(DEEP)_누텔라 초코 도넛,3300.0,"카페,디저트>도넛",카페
이호당,(FRESH)_우유 생크림 도넛,2800.0,"카페,디저트>도넛",카페
이호당,(NEW)_얼그레이 커스터드 도넛,3300.0,"카페,디저트>도넛",카페
이호당,(BOX)_프리미엄 도넛박스,18500.0,"카페,디저트>도넛",카페
더베리와플 안암점,90.요거트+블루베리,3700.0,"카페,디저트>와플",카페
소울버튼,Radio 틀고 Let me go! + 봉사자들사랑해카롱♥ ,9000.0,"음식점>카페,디저트",카페
가마메시야 송빈,"부타노 쇼가야키 (豚の生姜?き)
최상급 마블링 목살구이. 은은한 생강향이 일품.",8000.0,일식>일식당,일식
스쿨푸드_서울성모병원점,(포)시즌4) 매니아냉면 + 군만두(3pcs),10000.0,음식점>분식,분식
스쿨푸드_서울성모병원점,(포)시즌5) 착한새우튀김냉소바 + 군만두(3pcs),10000.0,음식점>분식,분식
스쿨푸드_서울성모병원점,(포)시즌2) 신사동신비국시 + 군만두(3pcs),10000.0,음식점>분식,분식
스쿨푸드_서울성모병원점,(포)시즌3) 오도독짱아치물냉면 + 군만두(3pcs),10000.0,음식점>분식,분식
스쿨푸드_서울성모병원점,(포)시즌1) 신김치말이국시with짱아치 + 군만두(3pcs),10000.0,음식점>분식,분식
스쿨푸드_서울성모병원점,(포)스페셜마리II (오징어+날치+스팸1),8800.0,음식점>분식,분식
스쿨푸드_서울성모병원점,(포)시즌6) Old&wisw돈가스 + 미니냉소바,11500.0,음식점>분식,분식
샐러둡,산뜻 한 끼♣ (샐러드 택 1+커피or음료 1종),9400.0,"도시락,컵밥>다이어트,샐러드",도시락
샐러둡,든든 한 끼♣ (샐러드 택 1+미니 단호박 스프),8600.0,"도시락,컵밥>다이어트,샐러드",도시락
샐러드로우_서울대입구점,"10,000원 이상 구매고객 EVENT
(네이버영수증리뷰)",0.0,"도시락,컵밥>다이어트,샐러드",도시락
핑크스,V♡,8900.0,"음식점>카페,디저트",카페
울랄라 베이커리,└ 샷 추가 +500,500.0,"카페,디저트>베이커리",카페
오부세,#신메뉴#김치치즈볶음밥,13500.0,일식>일식당,일식
오부세,#신메뉴/ 회덮밥(야채듬뿍),13500.0,일식>일식당,일식
오부세,#신메뉴#김치카츠나베,14000.0,일식>일식당,일식
이름없는파스타_이화여대점,#갑자기™ 스테이키,9800.0,"음식점>양식>이탈리아음식>스파게티,파스타전문",양식
몬스터커피_팔거역점,●페퍼민트,3000.0,"음식점>카페,디저트>카페",카페
몬스터커피_팔거역점,●캐모마일,3000.0,"음식점>카페,디저트>카페",카페
메가샵크로플_예산점,●바닐라라떼(아이스),3500.0,"음식점>카페,디저트",카페
롯데월드_패밀리 레이싱,0.6041666666666666,0.0,None,None
카츠로우,등심 미소카츠 특(特),27000.0,일식>돈가스,일식
저스트비,ICE 말차라떼,4500.0,"생활,편의>고시원,고시텔",생활
저스트비,*ICE 얼그레이아이스티,4300.0,"생활,편의>고시원,고시텔",생활
저스트비,ICE 카페라떼,3500.0,"생활,편의>고시원,고시텔",생활
제제커피_마곡나루점,★오픈기념★ 1+1 아메리카노,2500.0,"카페,디저트>카페",카페
하이드,T-O) ICE 바닐라라떼,3800.0,음식점>양식,양식
해피니스디저트,*MINI 딸기맛 로우쏭케익,8500.0,"음식점>카페,디저트",카페
해피니스디저트,*MINI 오리지널 로우쏭케익,8500.0,"음식점>카페,디저트",카페
해피니스디저트,*야자 아몬드 과자,12500.0,"음식점>카페,디저트",카페
해피니스디저트,*MINI 김맛 로우쏭케익,8500.0,"음식점>카페,디저트",카페
캐스터네츠 강남N점,환타오렌지☆,0.0,음식점>햄버거,햄버거
브로드웨이,▶바닐라크로플,6900.0,음식점>뷔페,뷔페
브로드웨이,★순우유 케이크,6500.0,음식점>뷔페,뷔페
배배꼬_운정점,☆生우유 카스테라 도넛●,4300.0,"카페,디저트>도넛",카페
배배꼬_운정점,☆우유딸기 카스테라 도넛●,4500.0,"카페,디저트>도넛",카페
아쿠아가든,테트라 NH3/NH4 테스트,16000.0,"음식점>카페,디저트",카페
어른김밥,---------Take out---------,0.0,분식>김밥,분식
어른김밥,--------- 전화 결제X ---------,0.0,분식>김밥,분식
(주)담청에프엔비,(1입)TBL-벤토나이트 카본 모래_울트라오더 씰 12KG,17000.0,"쇼핑,유통>식료품",쇼핑
커피파운드,"[S&H]RWANDA KARIMA
살구 청을 달콤하게 우려낸 듯 깔끔한 커피",,"카페,디저트>카페",카페
커피파운드,"[MAME] FULL BLOOM
견과류 같이 고소하면서 깔끔한 커피",9000.0,"카페,디저트>카페",카페
