브랜드코드,브랜드명,점포번호,점포명,사업자번호,MENU_CD,MENU_FULL_NM,MENU_NM,판매가격
rakun,라쿤카페,1001,라쿤라떼17,349-02-01908,B0000109,르완다 마쿠바 풀리,르완다 마쿠바 풀리,"5,500"
rakun,라쿤카페,1001,라쿤라떼17,349-02-01908,B0000110,과테말라 세리토스,과테말라 세리토스,"4,500"
rakun,라쿤카페,1001,라쿤라떼17,349-02-01908,B0000111,에티오피아 모모라 구지 G1,에티오피아 모모라 구지 G,"5,500"
rakun,라쿤카페,1001,라쿤라떼17,349-02-01908,B0000112,브라질 만치케이라 드 미나스,브라질 만치케이라 드 미나,"5,500"
rakun,라쿤카페,1001,라쿤라떼17,349-02-01908,B0000113,오늘의 커피,오늘의 커피,"5,000"
rakun,라쿤카페,1001,라쿤라떼17,349-02-01908,B0000124,디카페인,디카페인,"5,500"
rakun,라쿤카페,1001,라쿤라떼17,349-02-01908,B0000128,콜롬비아,콜롬비아,"6,000"
rakun,라쿤카페,1001,라쿤라떼17,349-02-01908,B0000129,에티오피아 워시드,에티오피아 워시드,"6,000"
rakun,라쿤카페,1001,라쿤라떼17,349-02-01908,B0000130,에티오피아 내추럴,에티오피아 내추럴,"6,000"
rakun,라쿤카페,1001,라쿤라떼17,349-02-01908,B0000131,코스타리카,코스타리카,"5,500"
rakun,라쿤카페,1001,라쿤라떼17,349-02-01908,B0000132,과테말라,과테말라,"5,500"
rakun,라쿤카페,1001,라쿤라떼17,349-02-01908,B0000115,스위트 카모마일,스위트 카모마일,"4,000"
rakun,라쿤카페,1001,라쿤라떼17,349-02-01908,B0000116,스트로베리&바닐라,스트로베리&바닐라,"4,000"
rakun,라쿤카페,1001,라쿤라떼17,349-02-01908,B0000117,애플&시나몬,애플&시나몬,"4,000"
rakun,라쿤카페,1001,라쿤라떼17,349-02-01908,B0000118,진저&레몬,진저&레몬,"4,000"
rakun,라쿤카페,1001,라쿤라떼17,349-02-01908,B0000119,라즈베리,라즈베리,"4,000"
rakun,라쿤카페,1001,라쿤라떼17,349-02-01908,B0000120,피치,피치,"4,000"
rakun,라쿤카페,1001,라쿤라떼17,349-02-01908,B0000127,스위트카모마일,스위트카모마일,"4,000"
rakun,라쿤카페,1001,라쿤라떼17,349-02-01908,B0000150,수제레몬티,수제레몬티,"5,000"
rakun,라쿤카페,1001,라쿤라떼17,349-02-01908,B0000151,수제자몽티,수제자몽티,"5,000"
rakun,라쿤카페,1001,라쿤라떼17,349-02-01908,B0000155,유자애플티,유자애플티,"5,500"
rakun,라쿤카페,1001,라쿤라떼17,349-02-01908,B0000156,애플티,애플티,"4,500"
rakun,라쿤카페,1001,라쿤라떼17,349-02-01908,B0000133,에쉬레버터스콘,에쉬레버터스콘,"3,500"
rakun,라쿤카페,1001,라쿤라떼17,349-02-01908,B0000134,아메리칸초코스콘,아메리칸초코스콘,"4,000"
rakun,라쿤카페,1001,라쿤라떼17,349-02-01908,B0000135,바스크치즈케이크,바스크치즈케이크,"6,500"
rakun,라쿤카페,1001,라쿤라떼17,349-02-01908,B0000136,마스카포네 딸기생크림케이크,마스카포네 딸기생크림케이크,"6,500"
rakun,라쿤카페,1001,라쿤라떼17,349-02-01908,B0000137,빅토리아케이크,빅토리아케이크,"6,500"
rakun,라쿤카페,1001,라쿤라떼17,349-02-01908,B0000147,초코생크림케이크,초코생크림케이크,"6,500"
rakun,라쿤카페,1001,라쿤라떼17,349-02-01908,B0000148,크랜베리크림치즈스콘,크랜베리크림치즈스콘,"4,000"
rakun,라쿤카페,1001,라쿤라떼17,349-02-01908,B0000149,초코바스크치즈,초코바스크치즈,"7,000"
rakun,라쿤카페,1001,라쿤라떼17,349-02-01908,B0000157,말차바스크치즈,말차바스크치즈,"7,000"
rakun,라쿤카페,1001,라쿤라떼17,349-02-01908,B0000161,베이컨파파스콘,베이컨파파스콘,"4,500"
rakun,라쿤카페,1001,라쿤라떼17,349-02-01908,B0000153,바질토마토스콘,바질토마토스콘,"4,000"
rakun,라쿤카페,1001,라쿤라떼17,349-02-01908,B0000001,화이트바닐라크림라떼,화이트바닐라크림라떼,"5,500"
rakun,라쿤카페,1001,라쿤라떼17,349-02-01908,B0000002,브라운초코크림라떼,브라운초코크림라떼,"5,500"
rakun,라쿤카페,1001,라쿤라떼17,349-02-01908,B0000003,제주말차크림라떼,제주말차크림라떼,"5,500"
rakun,라쿤카페,1001,라쿤라떼17,349-02-01908,B0000103,슈가팝라떼,슈가팝라떼,"4,800"
rakun,라쿤카페,1001,라쿤라떼17,349-02-01908,B0000104,콜드폼라노체,콜드폼라노체,"4,800"
rakun,라쿤카페,1001,라쿤라떼17,349-02-01908,B0000105,콜드브루 디카페인 콜롬비아,콜드브루 디카페인 콜롬비아,0
rakun,라쿤카페,1001,라쿤라떼17,349-02-01908,B0000106,콜드브루 디카페인 에디오피아,콜드브루 디카페인 에디오피,0
rakun,라쿤카페,1001,라쿤라떼17,349-02-01908,B0000108,아이스크림라테,아이스크림라테,"6,500"
rakun,라쿤카페,1001,라쿤라떼17,349-02-01908,B0000122,아이스크림라테,아이스크림라테,"6,500"
rakun,라쿤카페,1001,라쿤라떼17,349-02-01908,B0000125,비엔나크림커피,비엔나크림커피,"6,000"
rakun,라쿤카페,1001,라쿤라떼17,349-02-01908,B0000004,아메리카노,아메리카노,"3,500"
rakun,라쿤카페,1001,라쿤라떼17,349-02-01908,B0000005,카페라떼,카페라떼,"4,000"
rakun,라쿤카페,1001,라쿤라떼17,349-02-01908,B0000006,바닐라라떼,바닐라라떼,"4,500"
rakun,라쿤카페,1001,라쿤라떼17,349-02-01908,B0000007,카페모카,카페모카,"4,500"
rakun,라쿤카페,1001,라쿤라떼17,349-02-01908,B0000008,돌체라떼,돌체라떼,"5,000"
rakun,라쿤카페,1001,라쿤라떼17,349-02-01908,B0000009,캐러멜마키아토,캐러멜마키아토,"5,000"
rakun,라쿤카페,1001,라쿤라떼17,349-02-01908,B0000012,아인슈페너 (only ice),아인슈페너 (only ice),"5,000"
rakun,라쿤카페,1001,라쿤라떼17,349-02-01908,B0000107,스폐셜아메리카노,스폐셜아메리카노,"3,800"
rakun,라쿤카페,1001,라쿤라떼17,349-02-01908,B0000114,카푸치노,카푸치노,"4,500"
rakun,라쿤카페,1001,라쿤라떼17,349-02-01908,B0000013,메이플망고크림라떼,메이플망고크림라떼,"4,500"
rakun,라쿤카페,1001,라쿤라떼17,349-02-01908,B0000014,핑크솔트딸기크림라떼,핑크솔트딸기크림라떼,"4,500"
rakun,라쿤카페,1001,라쿤라떼17,349-02-01908,B0000015,다크초코크림라떼,다크초코크림라떼,"4,500"
rakun,라쿤카페,1001,라쿤라떼17,349-02-01908,B0000016,레몬청포도크림라떼,레몬청포도크림라떼,"4,500"
rakun,라쿤카페,1001,라쿤라떼17,349-02-01908,B0000017,아몬드얼그레이크림라떼,아몬드얼그레이크림라떼,"4,500"
rakun,라쿤카페,1001,라쿤라떼17,349-02-01908,B0000018,블루베리크림라떼,블루베리크림라떼,"4,500"
rakun,라쿤카페,1001,라쿤라떼17,349-02-01908,B0000126,리얼더블크림커피,리얼더블크림커피,"6,500"
rakun,라쿤카페,1001,라쿤라떼17,349-02-01908,B0000019,쿠앤크바닐라쉐이크,쿠앤크바닐라쉐이크,"4,800"
rakun,라쿤카페,1001,라쿤라떼17,349-02-01908,B0000020,화이트바닐라크림쉐이크,화이트바닐라크림쉐이크,"4,800"
rakun,라쿤카페,1001,라쿤라떼17,349-02-01908,B0000021,초코연유크림스무디,초코연유크림스무디,"4,800"
rakun,라쿤카페,1001,라쿤라떼17,349-02-01908,B0000022,딸기요거트스무디,딸기요거트스무디,"4,500"
rakun,라쿤카페,1001,라쿤라떼17,349-02-01908,B0000023,망고요거트스무디,망고요거트스무디,"4,500"
rakun,라쿤카페,1001,라쿤라떼17,349-02-01908,B0000024,블루베리요거트스무디,블루베리요거트스무디,"4,500"
rakun,라쿤카페,1001,라쿤라떼17,349-02-01908,B0000025,복숭아자두요거트스무디,복숭아자두요거트스무디,"4,500"
rakun,라쿤카페,1001,라쿤라떼17,349-02-01908,B0000026,플레인요거트스무디,플레인요거트스무디,"4,500"
rakun,라쿤카페,1001,라쿤라떼17,349-02-01908,B0000123,플레인요거트스무디,플레인요거트스무디,"4,500"
rakun,라쿤카페,1001,라쿤라떼17,349-02-01908,B0000152,생딸기라떼,생딸기라떼,"6,000"
rakun,라쿤카페,1001,라쿤라떼17,349-02-01908,B0000010,리얼초코,리얼초코,"5,000"
rakun,라쿤카페,1001,라쿤라떼17,349-02-01908,B0000011,말차(녹차)라떼,말차(녹차)라떼,"5,000"
rakun,라쿤카페,1001,라쿤라떼17,349-02-01908,B0000027,허니레몬티,허니레몬티,"3,800"
rakun,라쿤카페,1001,라쿤라떼17,349-02-01908,B0000028,허니자몽티,허니자몽티,"3,800"
rakun,라쿤카페,1001,라쿤라떼17,349-02-01908,B0000029,히비스커스,히비스커스,"3,800"
rakun,라쿤카페,1001,라쿤라떼17,349-02-01908,B0000030,복숭아이스티,복숭아이스티,"3,500"
rakun,라쿤카페,1001,라쿤라떼17,349-02-01908,B0000031,아일리스 애플티,아일리스 애플티,"3,500"
rakun,라쿤카페,1001,라쿤라떼17,349-02-01908,B0000032,잉글리쉬블랙퍼스트,잉글리쉬블랙퍼스트,"3,500"
rakun,라쿤카페,1001,라쿤라떼17,349-02-01908,B0000033,캐모마일,캐모마일,"3,500"
rakun,라쿤카페,1001,라쿤라떼17,349-02-01908,B0000034,페퍼민트,페퍼민트,"3,500"
rakun,라쿤카페,1001,라쿤라떼17,349-02-01908,B0000035,유자애플티,유자애플티,"3,800"
rakun,라쿤카페,1001,라쿤라떼17,349-02-01908,B0000036,오렌지한라봉에이드,오렌지한라봉에이드,"3,800"
rakun,라쿤카페,1001,라쿤라떼17,349-02-01908,B0000037,자몽에이드,자몽에이드,"5,500"
rakun,라쿤카페,1001,라쿤라떼17,349-02-01908,B0000038,청포도에이드,청포도에이드,"3,800"
rakun,라쿤카페,1001,라쿤라떼17,349-02-01908,B0000039,레몬에이드,레몬에이드,"5,500"
rakun,라쿤카페,1001,라쿤라떼17,349-02-01908,B0000040,체리에이드,체리에이드,"3,800"
rakun,라쿤카페,1001,라쿤라떼17,349-02-01908,B0000041,레몬청포도에이드,레몬청포도에이드,"3,800"
rakun,라쿤카페,1001,라쿤라떼17,349-02-01908,B0000088,페리에탄산수,페리에탄산수,"3,500"
rakun,라쿤카페,1001,라쿤라떼17,349-02-01908,B0000092,골든메달애플,골든메달애플,"3,800"
rakun,라쿤카페,1001,라쿤라떼17,349-02-01908,B0000093,분다버그핑크,분다버그핑크,"4,000"
rakun,라쿤카페,1001,라쿤라떼17,349-02-01908,B0000094,산펠그리노탄산수,산펠그리노탄산수,"3,500"
rakun,라쿤카페,1001,라쿤라떼17,349-02-01908,B0000097,스프라이트,스프라이트,"3,000"
rakun,라쿤카페,1001,라쿤라떼17,349-02-01908,B0000121,플레인요거트스무디,플레인요거트스무디,"2,222"
rakun,라쿤카페,1001,라쿤라떼17,349-02-01908,B0000158,청포도 에이드,청포도 에이드,"5,000"
rakun,라쿤카페,1001,라쿤라떼17,349-02-01908,B0000159,오렌지한라봉에이드,오렌지한라봉에이드,"5,000"
rakun,라쿤카페,1001,라쿤라떼17,349-02-01908,B0000163,부드러운원두,부드러운원두,0
rakun,라쿤카페,1001,라쿤라떼17,349-02-01908,B0000042,아이스크림 크로플,아이스크림 크로플,"9,000"
rakun,라쿤카페,1001,라쿤라떼17,349-02-01908,B0000043,브라운치즈 크로플,브라운치즈 크로플,"10,000"
rakun,라쿤카페,1001,라쿤라떼17,349-02-01908,B0000044,리코타치즈샐러드,리코타치즈샐러드,"9,000"
rakun,라쿤카페,1001,라쿤라떼17,349-02-01908,B0000045,라쿤플레이트,라쿤플레이트,"11,000"
rakun,라쿤카페,1001,라쿤라떼17,349-02-01908,B0000046,그릴드더블햄치즈토스트,그릴드더블햄치즈토스트,"6,000"
rakun,라쿤카페,1001,라쿤라떼17,349-02-01908,B0000047,HOT,HOT,0
rakun,라쿤카페,1001,라쿤라떼17,349-02-01908,B0000048,ICE,ICE,0
rakun,라쿤카페,1001,라쿤라떼17,349-02-01908,B0000049,사이즈업,사이즈업,500
rakun,라쿤카페,1001,라쿤라떼17,349-02-01908,B0000050,샷추가,샷추가,"1,000"
rakun,라쿤카페,1001,라쿤라떼17,349-02-01908,B0000051,휘핑있음,휘핑있음,0
rakun,라쿤카페,1001,라쿤라떼17,349-02-01908,B0000052,휘핑없음,휘핑없음,0
rakun,라쿤카페,1001,라쿤라떼17,349-02-01908,B0000053,Only ICE,Only ICE,0
rakun,라쿤카페,1001,라쿤라떼17,349-02-01908,B0000054,선택 없음,선택 없음,0
rakun,라쿤카페,1001,라쿤라떼17,349-02-01908,B0000055,조금만,조금만,0
rakun,라쿤카페,1001,라쿤라떼17,349-02-01908,B0000056,기본,기본,0
rakun,라쿤카페,1001,라쿤라떼17,349-02-01908,B0000057,많이,많이,0
rakun,라쿤카페,1001,라쿤라떼17,349-02-01908,B0000058,많이,많이,300
rakun,라쿤카페,1001,라쿤라떼17,349-02-01908,B0000059,조금만,조금만,0
rakun,라쿤카페,1001,라쿤라떼17,349-02-01908,B0000060,기본,기본,0
rakun,라쿤카페,1001,라쿤라떼17,349-02-01908,B0000061,많이,많이,0
rakun,라쿤카페,1001,라쿤라떼17,349-02-01908,B0000062,많이,많이,300
rakun,라쿤카페,1001,라쿤라떼17,349-02-01908,B0000063,치즈추가,치즈추가,"1,000"
rakun,라쿤카페,1001,라쿤라떼17,349-02-01908,B0000064,라코타치즈 추가,라코타치즈 추가,"1,500"
rakun,라쿤카페,1001,라쿤라떼17,349-02-01908,B0000065,소세지추가,소세지추가,"1,500"
rakun,라쿤카페,1001,라쿤라떼17,349-02-01908,B0000066,후렌치프라이추가,후렌치프라이추가,"1,000"
rakun,라쿤카페,1001,라쿤라떼17,349-02-01908,B0000067,아이스크림 추가,아이스크림 추가,"1,000"
rakun,라쿤카페,1001,라쿤라떼17,349-02-01908,B0000068,바닐라시럽추가,바닐라시럽추가,300
rakun,라쿤카페,1001,라쿤라떼17,349-02-01908,B0000069,초코소스추가 ,초코소스추가 ,500
rakun,라쿤카페,1001,라쿤라떼17,349-02-01908,B0000070,캐러멜소스추가 ,캐러멜소스추가 ,500
rakun,라쿤카페,1001,라쿤라떼17,349-02-01908,B0000071,햄추가,햄추가,"1,000"
rakun,라쿤카페,1001,라쿤라떼17,349-02-01908,B0000072,리코타치즈추가,리코타치즈추가,"1,500"
rakun,라쿤카페,1001,라쿤라떼17,349-02-01908,B0000084,매장,매장,0
rakun,라쿤카페,1001,라쿤라떼17,349-02-01908,B0000085,포장,포장,0
rakun,라쿤카페,1001,라쿤라떼17,349-02-01908,B0000087,초코소스,초코소스,500
rakun,라쿤카페,1001,라쿤라떼17,349-02-01908,B0000089,플레인,플레인,0
rakun,라쿤카페,1001,라쿤라떼17,349-02-01908,B0000090,레몬,레몬,0
rakun,라쿤카페,1001,라쿤라떼17,349-02-01908,B0000091,라임,라임,0
rakun,라쿤카페,1001,라쿤라떼17,349-02-01908,B0000095,레몬맛,레몬맛,0
rakun,라쿤카페,1001,라쿤라떼17,349-02-01908,B0000096,체리&석류맛,체리&석류맛,0
rakun,라쿤카페,1001,라쿤라떼17,349-02-01908,B0000098,딸기마카롱,딸기마카롱,0
rakun,라쿤카페,1001,라쿤라떼17,349-02-01908,B0000099,강아지마카롱,강아지마카롱,0
rakun,라쿤카페,1001,라쿤라떼17,349-02-01908,B0000100,고양이마카롱,고양이마카롱,0
rakun,라쿤카페,1001,라쿤라떼17,349-02-01908,B0000101,러브마카롱,러브마카롱,0
rakun,라쿤카페,1001,라쿤라떼17,349-02-01908,B0000102,블루베리마카롱,블루베리마카롱,0
rakun,라쿤카페,1001,라쿤라떼17,349-02-01908,B0000143,츄러스,츄러스,0
rakun,라쿤카페,1001,라쿤라떼17,349-02-01908,B0000144,초코 ,초코 ,0
rakun,라쿤카페,1001,라쿤라떼17,349-02-01908,B0000145,브라운치즈,브라운치즈,0
rakun,라쿤카페,1001,라쿤라떼17,349-02-01908,B0000146,플레인,플레인,0
rakun,라쿤카페,1001,라쿤라떼17,349-02-01908,B0000154,무화과,무화과,0
rakun,라쿤카페,1001,라쿤라떼17,349-02-01908,B0000162,진한원두,진한원두,0
rakun,라쿤카페,1001,라쿤라떼17,349-02-01908,B0000164,디카페인,디카페인,"1,000"
rakun,라쿤카페,1001,라쿤라떼17,349-02-01908,B0000073,쿠키슈,쿠키슈,"3,000"
rakun,라쿤카페,1001,라쿤라떼17,349-02-01908,B0000074,우유크림카스테라,우유크림카스테라,"4,500"
rakun,라쿤카페,1001,라쿤라떼17,349-02-01908,B0000075,시카고치즈케이크,시카고치즈케이크,"6,000"
rakun,라쿤카페,1001,라쿤라떼17,349-02-01908,B0000076,초코쿠키치즈케이크,초코쿠키치즈케이크,"6,000"
rakun,라쿤카페,1001,라쿤라떼17,349-02-01908,B0000077,얼그레이쇼콜라,얼그레이쇼콜라,"5,500"
rakun,라쿤카페,1001,라쿤라떼17,349-02-01908,B0000078,레아치즈타르트,레아치즈타르트,"5,500"
rakun,라쿤카페,1001,라쿤라떼17,349-02-01908,B0000079,티라미수타르트,티라미수타르트,"5,500"
rakun,라쿤카페,1001,라쿤라떼17,349-02-01908,B0000080,오리지널티라미수케이크,오리지널티라미수케이크,"6,800"
rakun,라쿤카페,1001,라쿤라떼17,349-02-01908,B0000081,레드벨벳케이크,레드벨벳케이크,"5,500"
rakun,라쿤카페,1001,라쿤라떼17,349-02-01908,B0000082,당근케이크,당근케이크,"5,500"
rakun,라쿤카페,1001,라쿤라떼17,349-02-01908,B0000083,갸토쇼콜라,갸토쇼콜라,"5,500"
rakun,라쿤카페,1001,라쿤라떼17,349-02-01908,B0000086,마카롱,마카롱,"2,500"
rakun,라쿤카페,1001,라쿤라떼17,349-02-01908,B0000138,당근크림치즈케이크 ,당근크림치즈케이크 ,"6,000"
rakun,라쿤카페,1001,라쿤라떼17,349-02-01908,B0000139,에그타르트 ,에그타르트 ,"3,500"
rakun,라쿤카페,1001,라쿤라떼17,349-02-01908,B0000140,초코스모어 ,초코스모어 ,"3,500"
rakun,라쿤카페,1001,라쿤라떼17,349-02-01908,B0000141,쿠앤크스모어,쿠앤크스모어,"3,500"
rakun,라쿤카페,1001,라쿤라떼17,349-02-01908,B0000142,휘낭시에 ,휘낭시에 ,"2,800"
rakun,라쿤카페,1001,라쿤라떼17,349-02-01908,B0000160,리얼망고케이크,리얼망고케이크,"7,000"
gkfajsl,할머니가래떡볶이,1002,할머니가래떡볶이(발산점),336-27-00944,B0000001,로제가래떡볶이(1~2인분),로제가래떡볶이(1~2인분),"8,900"
gkfajsl,할머니가래떡볶이,1002,할머니가래떡볶이(발산점),336-27-00944,B0000003,남포동떡볶이(1~2인분),남포동떡볶이(1~2인분),"7,900"
gkfajsl,할머니가래떡볶이,1002,할머니가래떡볶이(발산점),336-27-00944,B0000004,밀떡볶이(1~2인분),밀떡볶이(1~2인분),"6,900"
gkfajsl,할머니가래떡볶이,1002,할머니가래떡볶이(발산점),336-27-00944,B0000005,할머니가래떡볶이(3~4인분),할머니가래떡볶이(3~4인분),"13,900"
gkfajsl,할머니가래떡볶이,1002,할머니가래떡볶이(발산점),336-27-00944,B0000006,치즈할머니가래떡볶이(3~4인분),치즈할머니가래떡볶이(3~4인분),"15,900"
gkfajsl,할머니가래떡볶이,1002,할머니가래떡볶이(발산점),336-27-00944,B0000007,남순모SET,남순모SET,"17,900"
gkfajsl,할머니가래떡볶이,1002,할머니가래떡볶이(발산점),336-27-00944,B0000008,남포동과 순살치킨,남포동과 순살치킨,"15,900"
gkfajsl,할머니가래떡볶이,1002,할머니가래떡볶이(발산점),336-27-00944,B0000009,할가떡튀김 SET,할가떡튀김 SET,"18,900"
gkfajsl,할머니가래떡볶이,1002,할머니가래떡볶이(발산점),336-27-00944,B0000010,어떡할가SET,어떡할가SET,"17,900"
gkfajsl,할머니가래떡볶이,1002,할머니가래떡볶이(발산점),336-27-00944,B0000011,꼬마김밥 5줄,꼬마김밥 5줄,"3,000"
gkfajsl,할머니가래떡볶이,1002,할머니가래떡볶이(발산점),336-27-00944,B0000012,꼬마김밥 10줄,꼬마김밥 10줄,"5,000"
gkfajsl,할머니가래떡볶이,1002,할머니가래떡볶이(발산점),336-27-00944,B0000013,빨강오뎅,빨강오뎅,"4,000"
gkfajsl,할머니가래떡볶이,1002,할머니가래떡볶이(발산점),336-27-00944,B0000014,가래떡튀김+조청,가래떡튀김+조청,"1,500"
gkfajsl,할머니가래떡볶이,1002,할머니가래떡볶이(발산점),336-27-00944,B0000015,순대,순대,"4,000"
gkfajsl,할머니가래떡볶이,1002,할머니가래떡볶이(발산점),336-27-00944,B0000016,물떡어묵탕,물떡어묵탕,"5,900"
gkfajsl,할머니가래떡볶이,1002,할머니가래떡볶이(발산점),336-27-00944,B0000017,빨강물떡어묵탕,빨강물떡어묵탕,"5,900"
gkfajsl,할머니가래떡볶이,1002,할머니가래떡볶이(발산점),336-27-00944,B0000018,모듬튀김,모듬튀김,"6,000"
gkfajsl,할머니가래떡볶이,1002,할머니가래떡볶이(발산점),336-27-00944,B0000019,치즈볼4개,치즈볼4개,"4,000"
gkfajsl,할머니가래떡볶이,1002,할머니가래떡볶이(발산점),336-27-00944,B0000020,셀프주먹밥,셀프주먹밥,"3,000"
gkfajsl,할머니가래떡볶이,1002,할머니가래떡볶이(발산점),336-27-00944,B0000021,핫도그2개,핫도그2개,"3,000"
gkfajsl,할머니가래떡볶이,1002,할머니가래떡볶이(발산점),336-27-00944,B0000022,김말이3개,김말이3개,"2,000"
gkfajsl,할머니가래떡볶이,1002,할머니가래떡볶이(발산점),336-27-00944,B0000023,야끼만두튀김4개,만두튀김4개,"2,000"
gkfajsl,할머니가래떡볶이,1002,할머니가래떡볶이(발산점),336-27-00944,B0000024,치즈스틱4개,치즈스틱4개,"3,000"
gkfajsl,할머니가래떡볶이,1002,할머니가래떡볶이(발산점),336-27-00944,B0000025,어묵튀김6개,어묵튀김6개,"2,000"
gkfajsl,할머니가래떡볶이,1002,할머니가래떡볶이(발산점),336-27-00944,B0000026,게다리튀김4개,게다리튀김4개,"4,000"
gkfajsl,할머니가래떡볶이,1002,할머니가래떡볶이(발산점),336-27-00944,B0000027,오징어튀김3개,오징어튀김3개,"3,000"
gkfajsl,할머니가래떡볶이,1002,할머니가래떡볶이(발산점),336-27-00944,B0000028,고구마튀김3개,고구마튀김3개,"2,000"
gkfajsl,할머니가래떡볶이,1002,할머니가래떡볶이(발산점),336-27-00944,B0000029,단무지추가,단무지추가,500
gkfajsl,할머니가래떡볶이,1002,할머니가래떡볶이(발산점),336-27-00944,B0000030,순살치킨,순살치킨,"8,000"
gkfajsl,할머니가래떡볶이,1002,할머니가래떡볶이(발산점),336-27-00944,B0000031,쿨피스(450ml),쿨피스(450ml),"1,000"
gkfajsl,할머니가래떡볶이,1002,할머니가래떡볶이(발산점),336-27-00944,B0000032,콜라500ml,콜라500ml,"1,500"
gkfajsl,할머니가래떡볶이,1002,할머니가래떡볶이(발산점),336-27-00944,B0000033,콜라1.25L,콜라1.25L,"2,500"
gkfajsl,할머니가래떡볶이,1002,할머니가래떡볶이(발산점),336-27-00944,B0000034,사이다500ml,사이다500ml,"1,500"
gkfajsl,할머니가래떡볶이,1002,할머니가래떡볶이(발산점),336-27-00944,B0000035,사이다1.25L,사이다1.25L,"2,500"
gkfajsl,할머니가래떡볶이,1002,할머니가래떡볶이(발산점),336-27-00944,B0000036,1단계,1단계,0
gkfajsl,할머니가래떡볶이,1002,할머니가래떡볶이(발산점),336-27-00944,B0000037,2단계,2단계,0
gkfajsl,할머니가래떡볶이,1002,할머니가래떡볶이(발산점),336-27-00944,B0000038,3단계,3단계,0
gkfajsl,할머니가래떡볶이,1002,할머니가래떡볶이(발산점),336-27-00944,B0000039,밀떡변경,밀떡변경,0
gkfajsl,할머니가래떡볶이,1002,할머니가래떡볶이(발산점),336-27-00944,B0000040,분모자변경,분모자변경,"2,000"
gkfajsl,할머니가래떡볶이,1002,할머니가래떡볶이(발산점),336-27-00944,B0000041,파마산,파마산,500
gkfajsl,할머니가래떡볶이,1002,할머니가래떡볶이(발산점),336-27-00944,B0000042,콩가루,콩가루,500
gkfajsl,할머니가래떡볶이,1002,할머니가래떡볶이(발산점),336-27-00944,B0000043,계란1개,계란1개,500
gkfajsl,할머니가래떡볶이,1002,할머니가래떡볶이(발산점),336-27-00944,B0000044,비엔나5개,비엔나5개,"1,000"
gkfajsl,할머니가래떡볶이,1002,할머니가래떡볶이(발산점),336-27-00944,B0000045,가래떡1개,가래떡1개,"1,000"
gkfajsl,할머니가래떡볶이,1002,할머니가래떡볶이(발산점),336-27-00944,B0000046,어묵사리,어묵사리,"1,000"
gkfajsl,할머니가래떡볶이,1002,할머니가래떡볶이(발산점),336-27-00944,B0000047,치즈사리,치즈사리,"2,000"
gkfajsl,할머니가래떡볶이,1002,할머니가래떡볶이(발산점),336-27-00944,B0000048,분모자,분모자,"1,500"
gkfajsl,할머니가래떡볶이,1002,할머니가래떡볶이(발산점),336-27-00944,B0000049,테스트상품1,테스트상품1,"1,000"
gkfajsl,할머니가래떡볶이,1002,할머니가래떡볶이(발산점),336-27-00944,B0000050,오픈행사(남포동과순살치킨),오픈행사(남포동과순살치킨),"8,000"
gkfajsl,할머니가래떡볶이,1002,할머니가래떡볶이(발산점),336-27-00944,B0000051,닭갈비가래떡볶이,닭갈비가래떡볶이,"9,900"
gkfajsl,할머니가래떡볶이,1002,할머니가래떡볶이(발산점),336-27-00944,B0000053,카스(병),카스(병),"4,000"
gkfajsl,할머니가래떡볶이,1002,할머니가래떡볶이(발산점),336-27-00944,B0000054,테라(병),테라(병),"4,000"
gkfajsl,할머니가래떡볶이,1002,할머니가래떡볶이(발산점),336-27-00944,B0000055,카프리(병),카프리(병),"4,000"
gkfajsl,할머니가래떡볶이,1002,할머니가래떡볶이(발산점),336-27-00944,B0000056,소주(처음처럼),소주(처음처럼),"4,000"
gkfajsl,할머니가래떡볶이,1002,할머니가래떡볶이(발산점),336-27-00944,B0000057,소주(참이슬 순한),소주(참이슬 순한),"4,000"
gkfajsl,할머니가래떡볶이,1002,할머니가래떡볶이(발산점),336-27-00944,B0000058,소주(진로이즈백),소주(진로이즈백),"4,000"
gkfajsl,할머니가래떡볶이,1002,할머니가래떡볶이(발산점),336-27-00944,B0000059,(포장할인)남순모SET,(포장할인)남순모SET,"14,900"
gkfajsl,할머니가래떡볶이,1002,할머니가래떡볶이(발산점),336-27-00944,B0000060,(포장할인) 남포동과순살치킨,(포장할인) 남포동과순살치킨,"12,900"
gkfajsl,할머니가래떡볶이,1002,할머니가래떡볶이(발산점),336-27-00944,B0000061,(포장할인)할가떡튀김SET,(포장할인)할가떡튀김SET,"15,900"
gkfajsl,할머니가래떡볶이,1002,할머니가래떡볶이(발산점),336-27-00944,B0000062,(포장할인)어떡할가SET,(포장할인)어떡할가SET,"14,900"
gkfajsl,할머니가래떡볶이,1002,할머니가래떡볶이(발산점),336-27-00944,B0000063,(포장할인)남김모SET,(포장할인)남김모SET,"14,900"
onsushi,호주에서온스시,1002,호주에서온스시(연산),382-07-02156,B0000001,특선세트10P(1인분),특선세트10P(1인분),"10,900"
onsushi,호주에서온스시,1002,호주에서온스시(연산),382-07-02156,B0000002,초밥세트12P(1인분),초밥세트12P(1인분),"12,900"
onsushi,호주에서온스시,1002,호주에서온스시(연산),382-07-02156,B0000003,초밥세트26P(2인분),초밥세트26P(2인분),"20,900"
onsushi,호주에서온스시,1002,호주에서온스시(연산),382-07-02156,B0000004,연어세트12P(1인분),연어세트12P(1인분),"16,900"
onsushi,호주에서온스시,1002,호주에서온스시(연산),382-07-02156,B0000005,스시앤롤세트22P(2인분),스시앤롤세트22P(2인분),"24,900"
onsushi,호주에서온스시,1002,호주에서온스시(연산),382-07-02156,B0000352,호온세트,호온세트,"10,900"
onsushi,호주에서온스시,1002,호주에서온스시(연산),382-07-02156,B0000006,간장새우초밥4p,간장새우초밥4p,"6,400"
onsushi,호주에서온스시,1002,호주에서온스시(연산),382-07-02156,B0000007,구운소고기초밥4p,구운소고기초밥4p,"6,400"
onsushi,호주에서온스시,1002,호주에서온스시(연산),382-07-02156,B0000008,생연어초밥4p,생연어초밥4p,"6,600"
onsushi,호주에서온스시,1002,호주에서온스시(연산),382-07-02156,B0000009,구운연어초밥4p,구운연어초밥4p,"6,600"
onsushi,호주에서온스시,1002,호주에서온스시(연산),382-07-02156,B0000010,광어초밥4p,광어초밥4p,"5,900"
onsushi,호주에서온스시,1002,호주에서온스시(연산),382-07-02156,B0000011,구운장어초밥4p,구운장어초밥4p,"5,900"
onsushi,호주에서온스시,1002,호주에서온스시(연산),382-07-02156,B0000012,초새우초밥4p,초새우초밥4p,"3,700"
onsushi,호주에서온스시,1002,호주에서온스시(연산),382-07-02156,B0000013,구운계란초밥4p,구운계란초밥4p,"3,700"
onsushi,호주에서온스시,1002,호주에서온스시(연산),382-07-02156,B0000014,구운유부초밥4p,구운유부초밥4p,"3,700"
onsushi,호주에서온스시,1002,호주에서온스시(연산),382-07-02156,B0000015,구운새우초밥4p,구운새우초밥4p,"4,400"
onsushi,호주에서온스시,1002,호주에서온스시(연산),382-07-02156,B0000016,관자초밥 4p,관자초밥 4p,"5,900"
onsushi,호주에서온스시,1002,호주에서온스시(연산),382-07-02156,B0000389,한치 4p,한치 4p,"3,400"
onsushi,호주에서온스시,1002,호주에서온스시(연산),382-07-02156,B0000390,구운게살 4p,구운게살 4p,"3,400"
onsushi,호주에서온스시,1002,호주에서온스시(연산),382-07-02156,B0000413,한치 4p,한치 4p,"3,700"
onsushi,호주에서온스시,1002,호주에서온스시(연산),382-07-02156,B0000414,구운게살 4p,구운게살 4p,"3,700"
onsushi,호주에서온스시,1002,호주에서온스시(연산),382-07-02156,B0000017,캘리포니아롤9p,캘리포니아롤9p,"8,900"
onsushi,호주에서온스시,1002,호주에서온스시(연산),382-07-02156,B0000018,연어아보카도롤9p,연어아보카도롤9p,"10,900"
onsushi,호주에서온스시,1002,호주에서온스시(연산),382-07-02156,B0000019,치킨카츠아보카도롤9p,치킨카츠아보카도롤9p,"8,900"
onsushi,호주에서온스시,1002,호주에서온스시(연산),382-07-02156,B0000039,연어스테이크롤8p,연어스테이크롤8p,"14,900"
onsushi,호주에서온스시,1002,호주에서온스시(연산),382-07-02156,B0000040,구운장어롤 8p,구운장어롤 8p,"14,900"
onsushi,호주에서온스시,1002,호주에서온스시(연산),382-07-02156,B0000294,연어크림치즈아보카도롤9p,연어크림치즈아보카도롤9p,"11,900"
onsushi,호주에서온스시,1002,호주에서온스시(연산),382-07-02156,B0000295,콤비네이션롤9p,콤비네이션롤9p,"10,900"
onsushi,호주에서온스시,1002,호주에서온스시(연산),382-07-02156,B0000020,한개우동,한개우동,"6,000"
onsushi,호주에서온스시,1002,호주에서온스시(연산),382-07-02156,B0000021,반개우동,반개우동,"3,000"
onsushi,호주에서온스시,1002,호주에서온스시(연산),382-07-02156,B0000022,모듬고로케3p,모듬고로케3p,"3,000"
onsushi,호주에서온스시,1002,호주에서온스시(연산),382-07-02156,B0000023,새우튀김 3p,새우튀김 3p,"3,000"
onsushi,호주에서온스시,1002,호주에서온스시(연산),382-07-02156,B0000024,타코야끼볼 6p,타코야끼볼 6p,"3,000"
onsushi,호주에서온스시,1002,호주에서온스시(연산),382-07-02156,B0000037,등심돈까스+유부초밥,등심돈까스+유부초밥,"8,000"
onsushi,호주에서온스시,1002,호주에서온스시(연산),382-07-02156,B0000038,치즈돈까스+유부초밥,치즈돈까스+유부초밥,"9,000"
onsushi,호주에서온스시,1002,호주에서온스시(연산),382-07-02156,B0000384,냉모밀,냉모밀,"7,000"
onsushi,호주에서온스시,1002,호주에서온스시(연산),382-07-02156,B0000025,펩시콜라,펩시콜라,"2,000"
onsushi,호주에서온스시,1002,호주에서온스시(연산),382-07-02156,B0000026,칠성사이다,칠성사이다,"2,000"
onsushi,호주에서온스시,1002,호주에서온스시(연산),382-07-02156,B0000027,미린다파인,미린다파인,"2,000"
onsushi,호주에서온스시,1002,호주에서온스시(연산),382-07-02156,B0000028,밀키스,밀키스,"2,000"
onsushi,호주에서온스시,1002,호주에서온스시(연산),382-07-02156,B0000029,마운틴듀 ,마운틴듀 ,"2,000"
onsushi,호주에서온스시,1002,호주에서온스시(연산),382-07-02156,B0000030,대선 ,대선 ,"4,000"
onsushi,호주에서온스시,1002,호주에서온스시(연산),382-07-02156,B0000031,참이슬 ,참이슬 ,"4,000"
onsushi,호주에서온스시,1002,호주에서온스시(연산),382-07-02156,B0000032,좋은데이,좋은데이,"4,000"
onsushi,호주에서온스시,1002,호주에서온스시(연산),382-07-02156,B0000033,진로,진로,"4,000"
onsushi,호주에서온스시,1002,호주에서온스시(연산),382-07-02156,B0000034,테라 ,테라 ,"4,000"
onsushi,호주에서온스시,1002,호주에서온스시(연산),382-07-02156,B0000035,카스 ,카스 ,"4,000"
onsushi,호주에서온스시,1002,호주에서온스시(연산),382-07-02156,B0000036,클라우드,클라우드,"4,000"
onsushi,호주에서온스시,1002,호주에서온스시(연산),382-07-02156,B0000312,처음처럼,처음처럼,"4,000"
onsushi,호주에서온스시,1002,호주에서온스시(연산),382-07-02156,B0000313,스파클링,스파클링,"2,000"
onsushi,호주에서온스시,1002,호주에서온스시(연산),382-07-02156,B0000350,트로피카나스파클링 오랜지,트로피카나스파클링 오랜지,"2,000"
onsushi,호주에서온스시,1002,호주에서온스시(연산),382-07-02156,B0000095,연어,연어,0
onsushi,호주에서온스시,1002,호주에서온스시(연산),382-07-02156,B0000096,광어,광어,0
onsushi,호주에서온스시,1002,호주에서온스시(연산),382-07-02156,B0000097,장어,장어,0
onsushi,호주에서온스시,1002,호주에서온스시(연산),382-07-02156,B0000098,관자,관자,0
onsushi,호주에서온스시,1002,호주에서온스시(연산),382-07-02156,B0000099,소고기,소고기,0
onsushi,호주에서온스시,1002,호주에서온스시(연산),382-07-02156,B0000100,초새우,초새우,0
onsushi,호주에서온스시,1002,호주에서온스시(연산),382-07-02156,B0000101,간장새우,간장새우,0
onsushi,호주에서온스시,1002,호주에서온스시(연산),382-07-02156,B0000102,한치,한치,0
onsushi,호주에서온스시,1002,호주에서온스시(연산),382-07-02156,B0000103,대게살,대게살,0
onsushi,호주에서온스시,1002,호주에서온스시(연산),382-07-02156,B0000104,계란,계란,0
onsushi,호주에서온스시,1002,호주에서온스시(연산),382-07-02156,B0000105,유부,유부,0
onsushi,호주에서온스시,1002,호주에서온스시(연산),382-07-02156,B0000106,진맛살(롤용),진맛살(롤용),0
onsushi,호주에서온스시,1002,호주에서온스시(연산),382-07-02156,B0000107,새우튀김,새우튀김,0
onsushi,호주에서온스시,1002,호주에서온스시(연산),382-07-02156,B0000108,감자고로케,감자고로케,0
onsushi,호주에서온스시,1002,호주에서온스시(연산),382-07-02156,B0000109,카레고로케,카레고로케,0
onsushi,호주에서온스시,1002,호주에서온스시(연산),382-07-02156,B0000110,야채고로케,야채고로케,0
onsushi,호주에서온스시,1002,호주에서온스시(연산),382-07-02156,B0000111,타코야끼볼,타코야끼볼,0
onsushi,호주에서온스시,1002,호주에서온스시(연산),382-07-02156,B0000112,락교,락교,0
onsushi,호주에서온스시,1002,호주에서온스시(연산),382-07-02156,B0000113,생와사비,생와사비,0
onsushi,호주에서온스시,1002,호주에서온스시(연산),382-07-02156,B0000114,산고추,산고추,0
onsushi,호주에서온스시,1002,호주에서온스시(연산),382-07-02156,B0000115,초생강(적),초생강(적),0
onsushi,호주에서온스시,1002,호주에서온스시(연산),382-07-02156,B0000116,단무지,단무지,0
onsushi,호주에서온스시,1002,호주에서온스시(연산),382-07-02156,B0000117,날치알,날치알,0
onsushi,호주에서온스시,1002,호주에서온스시(연산),382-07-02156,B0000118,돈카츠,돈카츠,0
onsushi,호주에서온스시,1002,호주에서온스시(연산),382-07-02156,B0000119,치즈카츠,치즈카츠,0
onsushi,호주에서온스시,1002,호주에서온스시(연산),382-07-02156,B0000120,치킨카츠,치킨카츠,0
onsushi,호주에서온스시,1002,호주에서온스시(연산),382-07-02156,B0000121,우동면,우동면,0
onsushi,호주에서온스시,1002,호주에서온스시(연산),382-07-02156,B0000122,우동쯔유,우동쯔유,0
onsushi,호주에서온스시,1002,호주에서온스시(연산),382-07-02156,B0000123,우동어묵,우동어묵,0
onsushi,호주에서온스시,1002,호주에서온스시(연산),382-07-02156,B0000124,가쓰오부시,가쓰오부시,0
onsushi,호주에서온스시,1002,호주에서온스시(연산),382-07-02156,B0000125,돈카츠소스,돈카츠소스,0
onsushi,호주에서온스시,1002,호주에서온스시(연산),382-07-02156,B0000126,타르타르소스,타르타르소스,0
onsushi,호주에서온스시,1002,호주에서온스시(연산),382-07-02156,B0000127,파슬리,파슬리,0
onsushi,호주에서온스시,1002,호주에서온스시(연산),382-07-02156,B0000128,초대리,초대리,0
onsushi,호주에서온스시,1002,호주에서온스시(연산),382-07-02156,B0000129,데리야끼소스,데리야끼소스,0
onsushi,호주에서온스시,1002,호주에서온스시(연산),382-07-02156,B0000130,스파이시소스,스파이시소스,0
onsushi,호주에서온스시,1002,호주에서온스시(연산),382-07-02156,B0000131,김,김,0
onsushi,호주에서온스시,1002,호주에서온스시(연산),382-07-02156,B0000132,붕어간장,붕어간장,0
onsushi,호주에서온스시,1002,호주에서온스시(연산),382-07-02156,B0000133,스시4용기,스시4용기,0
onsushi,호주에서온스시,1002,호주에서온스시(연산),382-07-02156,B0000134,스시10용기,스시10용기,0
onsushi,호주에서온스시,1002,호주에서온스시(연산),382-07-02156,B0000135,스시12용기,스시12용기,0
onsushi,호주에서온스시,1002,호주에서온스시(연산),382-07-02156,B0000136,스시26용기,스시26용기,0
onsushi,호주에서온스시,1002,호주에서온스시(연산),382-07-02156,B0000137,돈까스용기,돈까스용기,0
onsushi,호주에서온스시,1002,호주에서온스시(연산),382-07-02156,B0000138,롤용기,롤용기,0
onsushi,호주에서온스시,1002,호주에서온스시(연산),382-07-02156,B0000139,우동용기,우동용기,0
onsushi,호주에서온스시,1002,호주에서온스시(연산),382-07-02156,B0000140,우동국물(소),우동국물(소),0
onsushi,호주에서온스시,1002,호주에서온스시(연산),382-07-02156,B0000141,우동국물(대),우동국물(대),0
onsushi,호주에서온스시,1002,호주에서온스시(연산),382-07-02156,B0000142,반찬용기,반찬용기,0
onsushi,호주에서온스시,1002,호주에서온스시(연산),382-07-02156,B0000143,비닐봉지(소),비닐봉지(소),0
onsushi,호주에서온스시,1002,호주에서온스시(연산),382-07-02156,B0000144,비닐봉지(대),비닐봉지(대),0
onsushi,호주에서온스시,1002,호주에서온스시(연산),382-07-02156,B0000145,나무젓가락,나무젓가락,0
onsushi,호주에서온스시,1002,호주에서온스시(연산),382-07-02156,B0000146,해동지,해동지,0
coffeemama,커피마마퀸,1024,커피마마퀸 조암점,847-87-00943,B0000003,카페라떼,카페라떼,"2,800"
coffeemama,커피마마퀸,1024,커피마마퀸 조암점,847-87-00943,B0000005,바닐라라떼,바닐라라떼,"3,300"
coffeemama,커피마마퀸,1024,커피마마퀸 조암점,847-87-00943,B0000006,헤이즐넛아메리카노,헤이즐넛아메리카노,"3,500"
coffeemama,커피마마퀸,1024,커피마마퀸 조암점,847-87-00943,B0000007,연유라떼,연유라떼,"3,500"
coffeemama,커피마마퀸,1024,커피마마퀸 조암점,847-87-00943,B0000008,카라멜 마끼아또,카라멜 마끼아또,"3,500"
coffeemama,커피마마퀸,1024,커피마마퀸 조암점,847-87-00943,B0000009,카페모카,카페모카,"3,500"
coffeemama,커피마마퀸,1024,커피마마퀸 조암점,847-87-00943,B0000010,민트모카,민트모카,"4,200"
coffeemama,커피마마퀸,1024,커피마마퀸 조암점,847-87-00943,B0000011,꿀 아메리카노,꿀 아메리카노,"2,800"
coffeemama,커피마마퀸,1024,커피마마퀸 조암점,847-87-00943,B0000012,꿀 카페라떼,꿀 카페라떼,"3,800"
coffeemama,커피마마퀸,1024,커피마마퀸 조암점,847-87-00943,B0000013,치즈크림 아메리카노(only ice),치즈크림 아메리카노(only ice),"4,000"
coffeemama,커피마마퀸,1024,커피마마퀸 조암점,847-87-00943,B0000014,치즈크림 카페라떼(only ice),치즈크림 카페라떼(only ice),"4,500"
coffeemama,커피마마퀸,1024,커피마마퀸 조암점,847-87-00943,B0000015,시럽/샷/휘핑/코코넛젤리추가,시럽/샷/휘핑/코코넛젤리추가,500
coffeemama,커피마마퀸,1024,커피마마퀸 조암점,847-87-00943,B0000162,아메리카노,아메리카노,"1,500"
coffeemama,커피마마퀸,1024,커피마마퀸 조암점,847-87-00943,B0000163,1리터아메(only ice),1리터아메(only ice,"3,500"
coffeemama,커피마마퀸,1024,커피마마퀸 조암점,847-87-00943,B0000165,(행사)아메리카노,(행사)아메리카노,"1,000"
coffeemama,커피마마퀸,1024,커피마마퀸 조암점,847-87-00943,B0000173,카푸치노,카푸치노,"2,800"
coffeemama,커피마마퀸,1024,커피마마퀸 조암점,847-87-00943,B0000016,초코라떼,초코라떼,"3,300"
coffeemama,커피마마퀸,1024,커피마마퀸 조암점,847-87-00943,B0000017,녹차라떼,녹차라떼,"3,300"
coffeemama,커피마마퀸,1024,커피마마퀸 조암점,847-87-00943,B0000018,밀크티,밀크티,"3,300"
coffeemama,커피마마퀸,1024,커피마마퀸 조암점,847-87-00943,B0000019,고구마라떼,고구마라떼,"3,500"
coffeemama,커피마마퀸,1024,커피마마퀸 조암점,847-87-00943,B0000020,흑임자라떼,흑임자라떼,"3,500"
coffeemama,커피마마퀸,1024,커피마마퀸 조암점,847-87-00943,B0000021,딸기라떼(only ice),딸기라떼(only ice),"3,800"
coffeemama,커피마마퀸,1024,커피마마퀸 조암점,847-87-00943,B0000022,민트초코라떼,민트초코라떼,"3,800"
coffeemama,커피마마퀸,1024,커피마마퀸 조암점,847-87-00943,B0000023,이천쌀라떼(only hot),이천쌀라떼(only hot),"3,800"
coffeemama,커피마마퀸,1024,커피마마퀸 조암점,847-87-00943,B0000024,초코버블라떼(only ice),초코버블라떼(only ice),"4,000"
coffeemama,커피마마퀸,1024,커피마마퀸 조암점,847-87-00943,B0000025,그린티버블라떼(only ice),그린티버블라떼(only ice),"4,000"
coffeemama,커피마마퀸,1024,커피마마퀸 조암점,847-87-00943,B0000026,쿠앤크버블라떼(only ice),쿠앤크버블라떼(only ice),"4,000"
coffeemama,커피마마퀸,1024,커피마마퀸 조암점,847-87-00943,B0000027,딸기버블라떼(only ice),딸기버블라떼(only ice),"4,000"
coffeemama,커피마마퀸,1024,커피마마퀸 조암점,847-87-00943,B0000028,흑당버블라떼(only ice),흑당버블라떼(only ice),"4,000"
coffeemama,커피마마퀸,1024,커피마마퀸 조암점,847-87-00943,B0000384,오곡라떼,오곡라떼,"3,800"
coffeemama,커피마마퀸,1024,커피마마퀸 조암점,847-87-00943,B0000029,커피 프라페,커피 프라페,"4,500"
coffeemama,커피마마퀸,1024,커피마마퀸 조암점,847-87-00943,B0000030,헤이즐넛  프라페,헤이즐넛  프라페,"4,500"
coffeemama,커피마마퀸,1024,커피마마퀸 조암점,847-87-00943,B0000031,녹차 프라페,녹차 프라페,"4,500"
coffeemama,커피마마퀸,1024,커피마마퀸 조암점,847-87-00943,B0000032,민트초코칩 프라페,민트초코칩 프라페,"4,800"
coffeemama,커피마마퀸,1024,커피마마퀸 조암점,847-87-00943,B0000033,자바칩 프라페,자바칩 프라페,"4,800"
coffeemama,커피마마퀸,1024,커피마마퀸 조암점,847-87-00943,B0000034,쿠앤크 프라페,쿠앤크 프라페,"5,000"
coffeemama,커피마마퀸,1024,커피마마퀸 조암점,847-87-00943,B0000035,이천쌀 프라페,이천쌀 프라페,"4,800"
coffeemama,커피마마퀸,1024,커피마마퀸 조암점,847-87-00943,B0000036,플레인 요거트 스무디,플레인 요거트 스무디,"3,800"
coffeemama,커피마마퀸,1024,커피마마퀸 조암점,847-87-00943,B0000037,딸기 요거트 스무디,딸기 요거트 스무디,"3,800"
coffeemama,커피마마퀸,1024,커피마마퀸 조암점,847-87-00943,B0000038,망고 요거트 스무디,망고 요거트 스무디,"3,800"
coffeemama,커피마마퀸,1024,커피마마퀸 조암점,847-87-00943,B0000039,자두 요거트 스무디,자두 요거트 스무디,"3,800"
coffeemama,커피마마퀸,1024,커피마마퀸 조암점,847-87-00943,B0000040,큐브수박스무디(계절),큐브수박스무디(계절),"4,500"
coffeemama,커피마마퀸,1024,커피마마퀸 조암점,847-87-00943,B0000041,큐브망고스무디(계절),큐브망고스무디(계절),"4,500"
coffeemama,커피마마퀸,1024,커피마마퀸 조암점,847-87-00943,B0000042,인절미 빙수치노,인절미 빙수치노,"5,000"
coffeemama,커피마마퀸,1024,커피마마퀸 조암점,847-87-00943,B0000043,딸기 빙수치노,딸기 빙수치노,"5,000"
coffeemama,커피마마퀸,1024,커피마마퀸 조암점,847-87-00943,B0000044,흑임자 빙수치노,흑임자 빙수치노,"5,000"
coffeemama,커피마마퀸,1024,커피마마퀸 조암점,847-87-00943,B0000045,바닐라 코코팝,바닐라 코코팝,"4,000"
coffeemama,커피마마퀸,1024,커피마마퀸 조암점,847-87-00943,B0000046,딸기 코코팝,딸기 코코팝,"4,000"
coffeemama,커피마마퀸,1024,커피마마퀸 조암점,847-87-00943,B0000047,쿠앤크 코코팝,쿠앤크 코코팝,"4,000"
coffeemama,커피마마퀸,1024,커피마마퀸 조암점,847-87-00943,B0000048,밀크 쉐이크,밀크 쉐이크,"4,200"
coffeemama,커피마마퀸,1024,커피마마퀸 조암점,847-87-00943,B0000049,딸기오레오 쉐이크,딸기오레오 쉐이크,"4,200"
coffeemama,커피마마퀸,1024,커피마마퀸 조암점,847-87-00943,B0000050,오레오 쉐이크,오레오 쉐이크,"4,200"
coffeemama,커피마마퀸,1024,커피마마퀸 조암점,847-87-00943,B0000051,녹차오레오 쉐이크,녹차오레오 쉐이크,"4,200"
coffeemama,커피마마퀸,1024,커피마마퀸 조암점,847-87-00943,B0000052,꿀고구마아메세트,꿀고구마아메세트,"3,500"
coffeemama,커피마마퀸,1024,커피마마퀸 조암점,847-87-00943,B0000053,꿀고구마라떼세트,꿀고구마라떼세트,"4,500"
coffeemama,커피마마퀸,1024,커피마마퀸 조암점,847-87-00943,B0000054,꿀고구마단짝아메세트,꿀고구마단짝아메세트,"8,500"
coffeemama,커피마마퀸,1024,커피마마퀸 조암점,847-87-00943,B0000055,딸기주스,딸기주스,"4,200"
coffeemama,커피마마퀸,1024,커피마마퀸 조암점,847-87-00943,B0000056,바나나주스,바나나주스,"4,200"
coffeemama,커피마마퀸,1024,커피마마퀸 조암점,847-87-00943,B0000057,딸기바나나주스,딸기바나나주스,"4,200"
coffeemama,커피마마퀸,1024,커피마마퀸 조암점,847-87-00943,B0000058,키위주스,키위주스,"4,200"
coffeemama,커피마마퀸,1024,커피마마퀸 조암점,847-87-00943,B0000059,토마토주스,토마토주스,"4,200"
coffeemama,커피마마퀸,1024,커피마마퀸 조암점,847-87-00943,B0000060,오렌지주스,오렌지주스,"4,200"
coffeemama,커피마마퀸,1024,커피마마퀸 조암점,847-87-00943,B0000061,블루베리주스,블루베리주스,"4,200"
coffeemama,커피마마퀸,1024,커피마마퀸 조암점,847-87-00943,B0000062,망고주스,망고주스,"4,500"
coffeemama,커피마마퀸,1024,커피마마퀸 조암점,847-87-00943,B0000063,핑크레몬 에이드,핑크레몬 에이드,"3,900"
coffeemama,커피마마퀸,1024,커피마마퀸 조암점,847-87-00943,B0000064,블루레몬 에이드,블루레몬 에이드,"3,900"
coffeemama,커피마마퀸,1024,커피마마퀸 조암점,847-87-00943,B0000065,청포도 에이드,청포도 에이드,"3,900"
coffeemama,커피마마퀸,1024,커피마마퀸 조암점,847-87-00943,B0000066,자몽에이드,자몽에이드,"3,900"
coffeemama,커피마마퀸,1024,커피마마퀸 조암점,847-87-00943,B0000067,자두에이드,자두에이드,"3,900"
coffeemama,커피마마퀸,1024,커피마마퀸 조암점,847-87-00943,B0000068,복숭아 아이스티,복숭아 아이스티,"2,800"
coffeemama,커피마마퀸,1024,커피마마퀸 조암점,847-87-00943,B0000069,홍차_얼그레이,홍차_얼그레이,"2,800"
coffeemama,커피마마퀸,1024,커피마마퀸 조암점,847-87-00943,B0000070,허브티_캐모마일,허브티_캐모마일,"2,800"
coffeemama,커피마마퀸,1024,커피마마퀸 조암점,847-87-00943,B0000071,허브티_레몬그라스,허브티_레몬그라스,"2,800"
coffeemama,커피마마퀸,1024,커피마마퀸 조암점,847-87-00943,B0000072,꿀 캐미유자차,꿀 캐미유자차,"3,300"
coffeemama,커피마마퀸,1024,커피마마퀸 조암점,847-87-00943,B0000073,꿀 레몬그라스차,꿀 레몬그라스차,"3,300"
coffeemama,커피마마퀸,1024,커피마마퀸 조암점,847-87-00943,B0000074,꿀 블랙오미자차,꿀 블랙오미자차,"3,300"
coffeemama,커피마마퀸,1024,커피마마퀸 조암점,847-87-00943,B0000704,1리터 아이스티  (only ice),1리터 아이스티 (only ice),"4,300"
coffeemama,커피마마퀸,1024,커피마마퀸 조암점,847-87-00943,B0000075,쿠키 2종,쿠키 2종,"1,500"
coffeemama,커피마마퀸,1024,커피마마퀸 조암점,847-87-00943,B0000076,베이글칩 2종 (허니버터 갈릭버터),베이글칩 2종,"2,500"
coffeemama,커피마마퀸,1024,커피마마퀸 조암점,847-87-00943,B0000077,웨하스 2종 (나폴리타너바닐라),웨하스 2종,"1,500"
coffeemama,커피마마퀸,1024,커피마마퀸 조암점,847-87-00943,B0000078,스투룹와플,스투룹와플,"1,500"
coffeemama,커피마마퀸,1024,커피마마퀸 조암점,847-87-00943,B0000079,앤디스초콜릿 2종,앤디스초콜릿 2종,"2,300"
coffeemama,커피마마퀸,1024,커피마마퀸 조암점,847-87-00943,B0000237,초코칩 머핀,초코칩 머핀,"2,500"
coffeemama,커피마마퀸,1024,커피마마퀸 조암점,847-87-00943,B0000080,비스킷슈 2종(바닐라초코),비스킷슈 2종,"3,000"
coffeemama,커피마마퀸,1024,커피마마퀸 조암점,847-87-00943,B0000081,크림카스테라,크림카스테라,"4,500"
coffeemama,커피마마퀸,1024,커피마마퀸 조암점,847-87-00943,B0000082,말렌카케이크 2종(월넛코코아),말렌카케이크 2종,"5,000"
coffeemama,커피마마퀸,1024,커피마마퀸 조암점,847-87-00943,B0000083,모카번,모카번,"2,500"
coffeemama,커피마마퀸,1024,커피마마퀸 조암점,847-87-00943,B0000084,머핀 2종(초코블루베리),머핀 2종,"2,500"
coffeemama,커피마마퀸,1024,커피마마퀸 조암점,847-87-00943,B0000085,마카롱 5종,마카롱 5종,"2,500"
coffeemama,커피마마퀸,1024,커피마마퀸 조암점,847-87-00943,B0000086,크림치즈 프레즐,크림치즈 프레즐,"2,800"
coffeemama,커피마마퀸,1024,커피마마퀸 조암점,847-87-00943,B0000087,베이글+크림치즈,베이글+크림치즈,"3,000"
coffeemama,커피마마퀸,1024,커피마마퀸 조암점,847-87-00943,B0000088,소시지 페스츄리,소시지 페스츄리,"3,500"
coffeemama,커피마마퀸,1024,커피마마퀸 조암점,847-87-00943,B0000089,크로크무슈,크로크무슈,"4,000"
coffeemama,커피마마퀸,1024,커피마마퀸 조암점,847-87-00943,B0000186,미니 떡볶이,미니 떡볶이,"4,300"
coffeemama,커피마마퀸,1024,커피마마퀸 조암점,847-87-00943,B0000187,치즈미니 떡볶이,치즈미니 떡볶이,"4,800"
coffeemama,커피마마퀸,1024,커피마마퀸 조암점,847-87-00943,B0000090,꿀고구마,꿀고구마,"2,200"
coffeemama,커피마마퀸,1024,커피마마퀸 조암점,847-87-00943,B0000091,꿀고구마3개,꿀고구마3개,"6,000"
coffeemama,커피마마퀸,1024,커피마마퀸 조암점,847-87-00943,B0000092,허니버터 꿀고구마,허니버터 꿀고구마,"3,200"
coffeemama,커피마마퀸,1024,커피마마퀸 조암점,847-87-00943,B0000093,허니치즈 꿀고구마,허니치즈 꿀고구마,"3,200"
coffeemama,커피마마퀸,1024,커피마마퀸 조암점,847-87-00943,B0000094,콘마요 꿀고구마,콘마요 꿀고구마,"3,200"
coffeemama,커피마마퀸,1024,커피마마퀸 조암점,847-87-00943,B0000095,생크림와플,크림듬뿍와플,"2,800"
coffeemama,커피마마퀸,1024,커피마마퀸 조암점,847-87-00943,B0000096,사과잼와플,사과잼와플,"3,500"
coffeemama,커피마마퀸,1024,커피마마퀸 조암점,847-87-00943,B0000097,딸기잼와플,딸기잼와플,"3,500"
coffeemama,커피마마퀸,1024,커피마마퀸 조암점,847-87-00943,B0000098,블루베리잼와플,블루베리잼와플,"3,500"
coffeemama,커피마마퀸,1024,커피마마퀸 조암점,847-87-00943,B0000099,달달고구마와플,달달고구마와플,"3,800"
coffeemama,커피마마퀸,1024,커피마마퀸 조암점,847-87-00943,B0000100,팥이동동 와플,팥이동동 와플,"3,800"
coffeemama,커피마마퀸,1024,커피마마퀸 조암점,847-87-00943,B0000101,누텔라콕콕와플,누텔라콕콕와플,"4,000"
coffeemama,커피마마퀸,1024,커피마마퀸 조암점,847-87-00943,B0000102,블루베리크림치즈와플,블루베리크림치즈와플,"4,000"
coffeemama,커피마마퀸,1024,커피마마퀸 조암점,847-87-00943,B0000103,피넛딸기와플,피넛딸기와플,"4,000"
coffeemama,커피마마퀸,1024,커피마마퀸 조암점,847-87-00943,B0000104,피넛블루베리와플,피넛블루베리와플,"4,000"
coffeemama,커피마마퀸,1024,커피마마퀸 조암점,847-87-00943,B0000105,콘체다와플,콘체다와플,"4,500"
coffeemama,커피마마퀸,1024,커피마마퀸 조암점,847-87-00943,B0000106,시나몬바게트볼,시나몬바게트볼,"5,000"
coffeemama,커피마마퀸,1024,커피마마퀸 조암점,847-87-00943,B0000107,스콘 2종 (건포도호두),스콘 2종 ,"2,500"
coffeemama,커피마마퀸,1024,커피마마퀸 조암점,847-87-00943,B0000108,잉글리쉬머핀,잉글리쉬머핀,"3,500"
coffeemama,커피마마퀸,1024,커피마마퀸 조암점,847-87-00943,B0000109,브라우니,브라우니,"3,800"
coffeemama,커피마마퀸,1024,커피마마퀸 조암점,847-87-00943,B0000110,아이스크림 브라우니,아이스크림 브라우니,"5,000"
coffeemama,커피마마퀸,1024,커피마마퀸 조암점,847-87-00943,B0000111,플레인크로플,플레인크로플,"2,800"
coffeemama,커피마마퀸,1024,커피마마퀸 조암점,847-87-00943,B0000112,시나몬크로플,시나몬크로플,"3,300"
coffeemama,커피마마퀸,1024,커피마마퀸 조암점,847-87-00943,B0000113,인절미크로플,인절미크로플,"3,800"
coffeemama,커피마마퀸,1024,커피마마퀸 조암점,847-87-00943,B0000114,누텔라크로플,누텔라크로플,"3,800"
coffeemama,커피마마퀸,1024,커피마마퀸 조암점,847-87-00943,B0000115,체다치즈크로플,체다치즈크로플,"3,800"
coffeemama,커피마마퀸,1024,커피마마퀸 조암점,847-87-00943,B0000116,크림치즈크로플,크림치즈크로플,"4,300"
coffeemama,커피마마퀸,1024,커피마마퀸 조암점,847-87-00943,B0000223,애플시나몬크로플,애플시나몬크로플,"4,300"
coffeemama,커피마마퀸,1024,커피마마퀸 조암점,847-87-00943,B0000224,딸기크로플,딸기크로플,"4,300"
coffeemama,커피마마퀸,1024,커피마마퀸 조암점,847-87-00943,B0000225,블루베리크로플,블루베리크로플,"4,300"
coffeemama,커피마마퀸,1024,커피마마퀸 조암점,847-87-00943,B0000226,초코크런치크로플,초코크런치크로플,"4,300"
coffeemama,커피마마퀸,1024,커피마마퀸 조암점,847-87-00943,B0000227,티라미수크로플,티라미수크로플,"4,300"
coffeemama,커피마마퀸,1024,커피마마퀸 조암점,847-87-00943,B0000228,콘체다크로플,콘체다크로플,"4,300"
coffeemama,커피마마퀸,1024,커피마마퀸 조암점,847-87-00943,B0000117,젤라소프트,젤라소프트,"3,500"
coffeemama,커피마마퀸,1024,커피마마퀸 조암점,847-87-00943,B0000118,아포가토(Only Iced),아포가토(Only Iced),"4,500"
coffeemama,커피마마퀸,1024,커피마마퀸 조암점,847-87-00943,B0000447,플레인 소프트,플레인 소프트,"1,500"
coffeemama,커피마마퀸,1024,커피마마퀸 조암점,847-87-00943,B0000448,콘소프트 ,콘소프트 ,"2,000"
coffeemama,커피마마퀸,1024,커피마마퀸 조암점,847-87-00943,B0000449,망고소프트 ,망고소프트 ,"3,300"
coffeemama,커피마마퀸,1024,커피마마퀸 조암점,847-87-00943,B0000450,초코쿠키소프트,초코쿠키소프트,"3,300"
coffeemama,커피마마퀸,1024,커피마마퀸 조암점,847-87-00943,B0000451,아포가토소프트,아포가토소프트,"3,000"
coffeemama,커피마마퀸,1024,커피마마퀸 조암점,847-87-00943,B0000119,Hot,Hot,0
coffeemama,커피마마퀸,1024,커피마마퀸 조암점,847-87-00943,B0000120,Ice,Ice,0
coffeemama,커피마마퀸,1024,커피마마퀸 조암점,847-87-00943,B0000121,선택 없음,선택 없음,0
coffeemama,커피마마퀸,1024,커피마마퀸 조암점,847-87-00943,B0000122,바닐라시럽 추가,바닐라시럽 추가,500
coffeemama,커피마마퀸,1024,커피마마퀸 조암점,847-87-00943,B0000123,샷 추가,샷 추가,500
coffeemama,커피마마퀸,1024,커피마마퀸 조암점,847-87-00943,B0000124,휘핑 추가,휘핑 추가,500
coffeemama,커피마마퀸,1024,커피마마퀸 조암점,847-87-00943,B0000125,코코넛 젤리 추가,코코넛 젤리 추가,500
coffeemama,커피마마퀸,1024,커피마마퀸 조암점,847-87-00943,B0000126,라떼로 변경 1잔,라떼로 변경 1잔,"1,000"
coffeemama,커피마마퀸,1024,커피마마퀸 조암점,847-87-00943,B0000127,로키로드 쿠키,로키로드,0
coffeemama,커피마마퀸,1024,커피마마퀸 조암점,847-87-00943,B0000128,오트밀레이즌 쿠키,오트밀레이즌,0
coffeemama,커피마마퀸,1024,커피마마퀸 조암점,847-87-00943,B0000129,초콜릿 청크 쿠키,초콜릿 청크,0
coffeemama,커피마마퀸,1024,커피마마퀸 조암점,847-87-00943,B0000130,허니버터 베이글칩,허니버터,0
coffeemama,커피마마퀸,1024,커피마마퀸 조암점,847-87-00943,B0000131,갈릭버터 베이글칩,갈릭버터,0
coffeemama,커피마마퀸,1024,커피마마퀸 조암점,847-87-00943,B0000132,나폴리타너 웨하스,나폴리타너,0
coffeemama,커피마마퀸,1024,커피마마퀸 조암점,847-87-00943,B0000133,바닐라 웨하스,바닐라,0
coffeemama,커피마마퀸,1024,커피마마퀸 조암점,847-87-00943,B0000134,민트파르페 앤디스초콜릿,민트파르페,0
coffeemama,커피마마퀸,1024,커피마마퀸 조암점,847-87-00943,B0000135,크림데민트 앤디스초콜릿,크림데민트,0
coffeemama,커피마마퀸,1024,커피마마퀸 조암점,847-87-00943,B0000136,바닐라 비스킷슈,바닐라,0
coffeemama,커피마마퀸,1024,커피마마퀸 조암점,847-87-00943,B0000137,초코 비스킷슈,초코,0
coffeemama,커피마마퀸,1024,커피마마퀸 조암점,847-87-00943,B0000138,월넛 말렌카케이크,월넛,0
coffeemama,커피마마퀸,1024,커피마마퀸 조암점,847-87-00943,B0000139,코코아 말렌카케이크,코코아,0
coffeemama,커피마마퀸,1024,커피마마퀸 조암점,847-87-00943,B0000140,초코 머핀,초코,0
coffeemama,커피마마퀸,1024,커피마마퀸 조암점,847-87-00943,B0000141,블루베리 머핀,블루베리,0
coffeemama,커피마마퀸,1024,커피마마퀸 조암점,847-87-00943,B0000142,말차초코 마카롱,말차초코,0
coffeemama,커피마마퀸,1024,커피마마퀸 조암점,847-87-00943,B0000143,핑크딸기 마카롱,핑크딸기,0
coffeemama,커피마마퀸,1024,커피마마퀸 조암점,847-87-00943,B0000144,황치즈 마카롱,황치즈,0
coffeemama,커피마마퀸,1024,커피마마퀸 조암점,847-87-00943,B0000145,얼그레이 마카롱,얼그레이,0
coffeemama,커피마마퀸,1024,커피마마퀸 조암점,847-87-00943,B0000146,초코라떼 마카롱,초코라떼,0
coffeemama,커피마마퀸,1024,커피마마퀸 조암점,847-87-00943,B0000147,플레인 베이글,플레인,0
coffeemama,커피마마퀸,1024,커피마마퀸 조암점,847-87-00943,B0000148,어니언 베이글,어니언,0
coffeemama,커피마마퀸,1024,커피마마퀸 조암점,847-87-00943,B0000149,블루베리 베이글,블루베리,0
coffeemama,커피마마퀸,1024,커피마마퀸 조암점,847-87-00943,B0000150,건포도 스콘,건포도,0
coffeemama,커피마마퀸,1024,커피마마퀸 조암점,847-87-00943,B0000151,호두 스콘,호두,0
coffeemama,커피마마퀸,1024,커피마마퀸 조암점,847-87-00943,B0000152,바닐라 젤라소프트,바닐라,0
coffeemama,커피마마퀸,1024,커피마마퀸 조암점,847-87-00943,B0000153,바닐라&초코 젤라소프트,바닐라&초코,0
coffeemama,커피마마퀸,1024,커피마마퀸 조암점,847-87-00943,B0000154,망고 젤라소프트,망고,0