affiliate_id,매장명,메뉴코드,카테고리명,메뉴명,가격
pokeallday_eg,포케올데이_시흥은계점,"1,295,195",#NAME?,메인토핑추가,"2,000"
pokeallday_eg,포케올데이_시흥은계점,"1,295,196",#NAME?,아보카도추가,"2,000"
pokeallday_eg,포케올데이_시흥은계점,"1,295,197",#NAME?,또띠아빵추가,"1,500"
pokeallday_eg,포케올데이_시흥은계점,"1,295,198",#NAME?,현미밥추가,"1,000"
pokeallday_eg,포케올데이_시흥은계점,"1,295,199",#NAME?,메밀면추가,"1,000"
pokeallday_eg,포케올데이_시흥은계점,"1,295,200",#NAME?,캔들판매,"12,900"
pokeallday_eg,포케올데이_시흥은계점,"1,295,201",#NAME?,멤버쉽 가입,"20,000"
pokeallday_eg,포케올데이_시흥은계점,"1,295,202",#NAME?,정기구독 10+1,"109,000"
pokeallday_eg,포케올데이_시흥은계점,"1,295,203",#NAME?,정기구독 15+2,"163,500"
pokeallday_eg,포케올데이_시흥은계점,"1,295,204",#NAME?,텀블러,"10,900"
pokeallday_eg,포케올데이_시흥은계점,"1,295,205",Poke 포케,현미밥 포케,"10,900"
pokeallday_eg,포케올데이_시흥은계점,"1,295,206",Poke 포케,메밀면 포케,"10,900"
pokeallday_eg,포케올데이_시흥은계점,"1,295,207",Poke 포케,채소만 포케,"10,900"
pokeallday_eg,포케올데이_시흥은계점,"1,295,208",Set 세트,커피 세트,"13,500"
pokeallday_eg,포케올데이_시흥은계점,"1,295,209",Set 세트,티 세트,"14,000"
pokeallday_eg,포케올데이_시흥은계점,"1,295,210",대표메뉴,곤약 냉우동,"10,900"
pokeallday_eg,포케올데이_시흥은계점,"1,295,211",Set 세트,나홀로 하와이 세트,"17,400"
pokeallday_eg,포케올데이_시흥은계점,"1,295,212",Set 세트,둘이서 하와이 세트,"31,500"
pokeallday_eg,포케올데이_시흥은계점,"1,295,213",Set 세트,나홀로 포케+미니곤약냉우동 세트,"14,500"
pokeallday_eg,포케올데이_시흥은계점,"1,295,214",Wrap 랩,미트랩,"6,900"
pokeallday_eg,포케올데이_시흥은계점,"1,295,215",Wrap 랩,씨랩,"7,900"
pokeallday_eg,포케올데이_시흥은계점,"1,295,216",두부볼,두부볼 2개,"5,000"
pokeallday_eg,포케올데이_시흥은계점,"1,295,217",Soup 수프,단호박 크림수프,"4,000"
pokeallday_eg,포케올데이_시흥은계점,"1,295,218",배달비,배달비 100,100
pokeallday_eg,포케올데이_시흥은계점,"1,295,219",배달비,배달비 500,500
pokeallday_eg,포케올데이_시흥은계점,"1,295,220",배달비,배달비 1000,"1,000"
pokeallday_eg,포케올데이_시흥은계점,"1,295,221",배달비,배달비 5000,"5,000"
pokeallday_eg,포케올데이_시흥은계점,"1,295,222",Drink 음료,콤부차,"4,000"
pokeallday_eg,포케올데이_시흥은계점,"1,295,223",Drink 음료,착즙주스(케일사과),"4,000"
pokeallday_eg,포케올데이_시흥은계점,"1,295,224",Drink 음료,착즙주스(당근사과),"4,000"
pokeallday_eg,포케올데이_시흥은계점,"1,295,225",Drink 음료,수제딸기우유,"4,000"
pokeallday_eg,포케올데이_시흥은계점,"1,295,226",Drink 음료,수제블루베리우유,"4,000"
pokeallday_eg,포케올데이_시흥은계점,"1,295,227",Drink 음료,콜드브루 커피,"3,500"
pokeallday_eg,포케올데이_시흥은계점,"1,295,228",Drink 음료,티(Tea),"4,000"
pokeallday_eg,포케올데이_시흥은계점,"1,295,229",Drink 음료,제로콜라,"2,000"
pokeallday_eg,포케올데이_시흥은계점,"1,295,230",Drink 음료,제로 사이다,"2,000"
pokeallday_eg,포케올데이_시흥은계점,"1,295,231",Drink 음료,탄산수,"2,000"
pokeallday_eg,포케올데이_시흥은계점,"1,295,232",여름메뉴,ABC 슬러쉬,"4,900"
pokeallday_eg,포케올데이_시흥은계점,"1,295,233",포장여부,매장,0
pokeallday_eg,포케올데이_시흥은계점,"1,295,234",포장여부,포장,0
pokeallday_eg,포케올데이_시흥은계점,"1,295,235",대표메뉴,베지누들,"9,000"
pokeallday_eg,포케올데이_시흥은계점,"1,295,236",계절메뉴,베지누들,"9,000"
pokeallday_eg,포케올데이_시흥은계점,"1,295,237",배달비,배달비 4500,"4,500"
pokeallday_eg,포케올데이_시흥은계점,"1,295,238",정기구독,10+1,"109,000"
pokeallday_eg,포케올데이_시흥은계점,"1,295,239",정기구독,15+2,"163,500"
pokeallday_eg,포케올데이_시흥은계점,"1,295,570",대표메뉴,나홀로 하와이 세트,"17,400"
pokeallday_eg,포케올데이_시흥은계점,"1,295,571",대표메뉴,둘이서 하와이 세트,"31,500"
pokeallday_eg,포케올데이_시흥은계점,"1,295,572",대표메뉴,커피 세트,"13,500"
pokeallday_eg,포케올데이_시흥은계점,"1,295,573",대표메뉴,티 세트,"14,000"
pokeallday_eg,포케올데이_시흥은계점,"1,296,190",대표메뉴,현미밥 포케,"10,900"
pokeallday_eg,포케올데이_시흥은계점,"1,296,191",대표메뉴,메밀면 포케,"10,900"
pokeallday_eg,포케올데이_시흥은계점,"1,296,192",대표메뉴,채소만 포케,"10,900"
bebeco_ar,배배꼬_세종아름점,"1,297,742",배배꼬 세트,파티초 (1개),500
bebeco_ar,배배꼬_세종아름점,"1,298,088",배배꼬 세트,숫자초 (1개),500
bebeco_ar,배배꼬_세종아름점,"1,312,941",크림도넛,크림도넛 1개 포장박스,300
bebeco_ar,배배꼬_세종아름점,"1,312,953",배배꼬 세트,크림도넛 1개 포장박스,300
bebeco_ar,배배꼬_세종아름점,"1,323,285",음료,스트로베리 에이드,"4,800"
bebeco_ar,배배꼬_세종아름점,"1,331,698",크림도넛,어진동 배송비,"4,000"
bebeco_ar,배배꼬_세종아름점,"1,341,539",크림도넛,배달료,"3,500"
pokeallday_eg,포케올데이_시흥은계점,"1,352,028",배달비,배달비 3000,"3,000"
pokeallday_eg,포케올데이_시흥은계점,"1,352,029",배달비, ,1
pokeallday_eg,포케올데이_시흥은계점,"1,362,600",#NAME?,메인토핑추가금,"1,000"
pokeallday_eg,포케올데이_시흥은계점,"1,362,601",#NAME?,메인토핑추가,"3,000"
pokeallday_eg,포케올데이_시흥은계점,"1,362,602",#NAME?,소스추가,700
bebeco_swg,배배꼬_수원금곡점,"1,364,407",베이커리,生우유 쿠키슈,"4,500"
bebeco_swg,배배꼬_수원금곡점,"1,364,408",베이커리,生우유 크로와상,"3,300"
bebeco_ar,배배꼬_세종아름점,"1,385,525",시그니처 메뉴,배배꼬 치즈슈페너,"5,500"
bebeco_ar,배배꼬_세종아름점,"1,385,526",시그니처 메뉴,우유퐁당도넛,"3,500"
bebeco_ar,배배꼬_세종아름점,"1,385,527",시그니처 메뉴,커스터드바닐라크림도넛,"3,500"
bebeco_ar,배배꼬_세종아름점,"1,385,528",시그니처 메뉴,핑크솔트우유크림도넛,"3,700"
bebeco_ar,배배꼬_세종아름점,"1,385,529",시그니처 메뉴,얼그레이크림도넛,"3,700"
bebeco_ar,배배꼬_세종아름점,"1,385,530",시그니처 메뉴,우유딸기크림도넛,"3,900"
bebeco_ar,배배꼬_세종아름점,"1,385,531",시그니처 메뉴,로얄프리미엄 밀크티,"4,800"
bebeco_ar,배배꼬_세종아름점,"1,385,532",시그니처 메뉴,핑크선셋 베리티,"5,200"
bebeco_ar,배배꼬_세종아름점,"1,385,533",배배꼬 세트,시그니처 크림박스 SET(4개),"14,500"
bebeco_ar,배배꼬_세종아름점,"1,385,534",배배꼬 세트,배배꼬 인기 SET(6개),"22,500"
bebeco_ar,배배꼬_세종아름점,"1,385,535",배배꼬 세트,배배꼬 추천 SET(4개),"15,300"
bebeco_ar,배배꼬_세종아름점,"1,385,536",크림도넛,시그니처 크림박스 SET (4개),"14,500"
bebeco_ar,배배꼬_세종아름점,"1,385,537",크림도넛,배배꼬 인기 SET (6개),"22,500"
bebeco_ar,배배꼬_세종아름점,"1,385,538",크림도넛,배배꼬 추천 SET (4개),"15,300"
bebeco_ar,배배꼬_세종아름점,"1,385,539",크림도넛,박스포장 (4개~6개),500
bebeco_ar,배배꼬_세종아름점,"1,385,540",크림도넛,우유퐁당 도넛,"3,500"
bebeco_ar,배배꼬_세종아름점,"1,385,541",크림도넛,커스터드바닐라크림 도넛,"3,500"
bebeco_ar,배배꼬_세종아름점,"1,385,542",크림도넛,핑크솔트우유크림 도넛,"3,700"
bebeco_ar,배배꼬_세종아름점,"1,385,543",크림도넛,더블딥초코우유 도넛,"3,700"
bebeco_ar,배배꼬_세종아름점,"1,385,544",크림도넛,말차크림 도넛,"3,700"
bebeco_ar,배배꼬_세종아름점,"1,385,545",크림도넛,인절미크림 도넛,"3,700"
bebeco_ar,배배꼬_세종아름점,"1,385,546",크림도넛,얼그레이크림 도넛,"3,700"
bebeco_ar,배배꼬_세종아름점,"1,385,547",크림도넛,누텔라크림 도넛,"3,900"
bebeco_ar,배배꼬_세종아름점,"1,385,548",크림도넛,레몬유자크림 도넛,"3,900"
bebeco_ar,배배꼬_세종아름점,"1,385,549",크림도넛,우유딸기크림 도넛,"3,900"
bebeco_ar,배배꼬_세종아름점,"1,385,550",크림도넛,흑임자크림 도넛,"4,200"
bebeco_ar,배배꼬_세종아름점,"1,385,551",크림도넛,공주바밤바크림 도넛,"3,900"
bebeco_ar,배배꼬_세종아름점,"1,385,552",크림도넛,초당옥쑤크림 도넛,"3,900"
bebeco_ar,배배꼬_세종아름점,"1,385,553",크림도넛,레드벨벳크림 도넛,"3,900"
bebeco_ar,배배꼬_세종아름점,"1,385,554",크림도넛,피치요거트크림 도넛,"4,200"
bebeco_ar,배배꼬_세종아름점,"1,385,555",크림도넛,보냉팩 추가,700
bebeco_ar,배배꼬_세종아름점,"1,385,556",베이커리,바닐라 커스터드 쿠키슈,"4,500"
bebeco_ar,배배꼬_세종아름점,"1,385,557",베이커리,딥초코 커스터드 쿠키슈,"4,500"
bebeco_ar,배배꼬_세종아름점,"1,385,558",베이커리,라즈베리 커스터드 쿠키슈,"4,800"
bebeco_ar,배배꼬_세종아름점,"1,385,559",베이커리,생크림 스콘,"3,800"
bebeco_ar,배배꼬_세종아름점,"1,385,560",베이커리,얼그레이 스콘,"3,800"
bebeco_ar,배배꼬_세종아름점,"1,385,561",베이커리,콰트로치즈 스콘,"4,200"
bebeco_ar,배배꼬_세종아름점,"1,385,562",베이커리,生커스터드 크림브뤨레,"4,500"
bebeco_ar,배배꼬_세종아름점,"1,385,563",베이커리,불고기칠리 페스츄리,"3,800"
bebeco_ar,배배꼬_세종아름점,"1,385,564",베이커리,청양마요 페스츄리,"3,800"
bebeco_ar,배배꼬_세종아름점,"1,385,565",베이커리,애플시나몬 파이,"3,800"
bebeco_ar,배배꼬_세종아름점,"1,385,566",베이커리,블루베리 파이,"3,800"
bebeco_ar,배배꼬_세종아름점,"1,385,567",베이커리,스트로베리 파이,"3,800"
bebeco_ar,배배꼬_세종아름점,"1,385,568",베이커리,生우유 크러핀,"3,900"
bebeco_ar,배배꼬_세종아름점,"1,385,569",베이커리,플레인 크러핀,"2,900"
bebeco_ar,배배꼬_세종아름점,"1,385,570",베이커리,박스포장 (4개),500
bebeco_ar,배배꼬_세종아름점,"1,385,571",COFFEE,펄그레이라떼,"4,500"
bebeco_ar,배배꼬_세종아름점,"1,385,572",COFFEE,배배꼬치즈슈페너,"5,500"
bebeco_ar,배배꼬_세종아름점,"1,385,573",COFFEE,스페셜티 아메리카노,"3,500"
bebeco_ar,배배꼬_세종아름점,"1,385,574",COFFEE,디카페인 아메리카노,"3,800"
bebeco_ar,배배꼬_세종아름점,"1,385,575",COFFEE,헤이즐넛 아메리카노,"3,800"
bebeco_ar,배배꼬_세종아름점,"1,385,576",COFFEE,카페라떼,"4,200"
bebeco_ar,배배꼬_세종아름점,"1,385,577",COFFEE,피넛버터라떼,"4,500"
bebeco_ar,배배꼬_세종아름점,"1,385,578",COFFEE,공주바밤바라떼,"4,500"
bebeco_ar,배배꼬_세종아름점,"1,385,579",COFFEE,바닐라라떼,"4,500"
bebeco_ar,배배꼬_세종아름점,"1,385,580",COFFEE,연유라떼,"4,500"
bebeco_ar,배배꼬_세종아름점,"1,385,581",COFFEE,오트밀 카페라떼,"5,500"
bebeco_ar,배배꼬_세종아름점,"1,385,582",COFFEE,오트밀 바닐라라떼,"5,800"
bebeco_ar,배배꼬_세종아름점,"1,385,583",COFFEE,오트밀 연유라떼,"5,800"
bebeco_ar,배배꼬_세종아름점,"1,385,584",NON COFFEE,초당옥쑤라떼,"4,500"
bebeco_ar,배배꼬_세종아름점,"1,385,585",NON COFFEE,로얄 프리미엄 밀크티,"4,800"
bebeco_ar,배배꼬_세종아름점,"1,385,586",NON COFFEE,딥더블초콜릿라떼,"4,500"
bebeco_ar,배배꼬_세종아름점,"1,385,587",NON COFFEE,제주말차라떼,"4,500"
bebeco_ar,배배꼬_세종아름점,"1,385,588",NON COFFEE,수제프리미엄 딸기우유,"5,800"
bebeco_ar,배배꼬_세종아름점,"1,385,589",음료,오로라 에이드,"4,800"
bebeco_ar,배배꼬_세종아름점,"1,385,590",음료,핑크 선셋 베리티,"5,200"
bebeco_ar,배배꼬_세종아름점,"1,385,591",음료,옐로우 캐모마일티,"4,800"
bebeco_ar,배배꼬_세종아름점,"1,385,592",음료,리얼 복숭아 아이스티,"3,800"
bebeco_ar,배배꼬_세종아름점,"1,385,593",음료,리얼 망고 아이스티,"3,800"
bebeco_ar,배배꼬_세종아름점,"1,385,594",음료,리얼 청포도 아이스티,"3,800"
bebeco_ar,배배꼬_세종아름점,"1,385,595",음료,오렌지자몽 에이드,"5,200"
bebeco_ar,배배꼬_세종아름점,"1,385,596",음료,패션후르츠 에이드,"5,200"
bebeco_ar,배배꼬_세종아름점,"1,385,597",음료,히비스커스체리 에이드,"4,800"
bebeco_ar,배배꼬_세종아름점,"1,385,598",음료,청포도 에이드,"4,800"
bebeco_ar,배배꼬_세종아름점,"1,385,599",음료,플레인 요거트스무디,"5,200"
bebeco_ar,배배꼬_세종아름점,"1,385,600",음료,딸기 요거트스무디,"5,800"
bebeco_ar,배배꼬_세종아름점,"1,385,601",음료,망고 요거트스무디,"5,800"
bebeco_ar,배배꼬_세종아름점,"1,385,602",음료,블루베리 요거트스무디,"5,800"
bebeco_ar,배배꼬_세종아름점,"1,385,603",음료,화이트 뱅쇼,"4,500"
bebeco_ar,배배꼬_세종아름점,"1,385,604",음료,레드 뱅쇼,"4,500"
bebeco_ar,배배꼬_세종아름점,"1,385,605",음료,스파클링 뱅쇼,"4,800"
bebeco_ar,배배꼬_세종아름점,"1,449,696",시그니처 메뉴,배배꼬 치즈슈페너,"5,500"
bebeco_ar,배배꼬_세종아름점,"1,449,697",시그니처 메뉴,生우유 카스테라 도넛,"4,000"
bebeco_ar,배배꼬_세종아름점,"1,449,698",시그니처 메뉴,딥초코 카스테라 도넛,"4,200"
bebeco_ar,배배꼬_세종아름점,"1,449,699",시그니처 메뉴,우유딸기 카스테라 도넛,"4,200"
bebeco_ar,배배꼬_세종아름점,"1,449,700",시그니처 메뉴,우유퐁당도넛,"3,500"
bebeco_ar,배배꼬_세종아름점,"1,449,701",시그니처 메뉴,커스터드바닐라크림도넛,"3,500"
bebeco_ar,배배꼬_세종아름점,"1,449,702",시그니처 메뉴,로얄프리미엄 밀크티,"4,800"
bebeco_ar,배배꼬_세종아름점,"1,449,703",시그니처 메뉴,핑크선셋 베리티,"5,200"
bebeco_ar,배배꼬_세종아름점,"1,449,704",배배꼬 세트,카스테라 퐁당 SET (4개),"15,700"
bebeco_ar,배배꼬_세종아름점,"1,449,705",배배꼬 세트,시그니처 크림박스 SET(4개),"14,500"
bebeco_ar,배배꼬_세종아름점,"1,449,706",배배꼬 세트,배배꼬 인기 SET(6개),"22,500"
bebeco_ar,배배꼬_세종아름점,"1,449,707",배배꼬 세트,배배꼬 추천 SET(4개),"15,300"
bebeco_ar,배배꼬_세종아름점,"1,449,708",크림도넛,카스테라 퐁당 SET(4개),"15,700"
bebeco_ar,배배꼬_세종아름점,"1,449,709",크림도넛,시그니처 크림박스 SET (4개),"14,500"
bebeco_ar,배배꼬_세종아름점,"1,449,710",크림도넛,배배꼬 인기 SET (6개),"22,500"
bebeco_ar,배배꼬_세종아름점,"1,449,711",크림도넛,배배꼬 추천 SET (4개),"15,300"
bebeco_ar,배배꼬_세종아름점,"1,449,712",크림도넛,박스포장 (4개~6개),500
bebeco_ar,배배꼬_세종아름점,"1,449,713",크림도넛,비닐포장,100
bebeco_ar,배배꼬_세종아름점,"1,449,714",크림도넛,生우유카스테라 도넛,"4,000"
bebeco_ar,배배꼬_세종아름점,"1,449,715",크림도넛,딥초코카스테라 도넛,"4,200"
bebeco_ar,배배꼬_세종아름점,"1,449,716",크림도넛,우유딸기카스테라 도넛,"4,200"
bebeco_ar,배배꼬_세종아름점,"1,449,717",크림도넛,우유퐁당 도넛,"3,500"
bebeco_ar,배배꼬_세종아름점,"1,449,718",크림도넛,커스터드바닐라크림 도넛,"3,500"
bebeco_ar,배배꼬_세종아름점,"1,449,719",크림도넛,핑크솔트우유크림 도넛,"3,700"
bebeco_ar,배배꼬_세종아름점,"1,449,720",크림도넛,더블딥초코우유 도넛,"3,700"
bebeco_ar,배배꼬_세종아름점,"1,449,721",크림도넛,말차크림 도넛,"3,700"
bebeco_ar,배배꼬_세종아름점,"1,449,722",크림도넛,인절미크림 도넛,"3,700"
bebeco_ar,배배꼬_세종아름점,"1,449,723",크림도넛,얼그레이크림 도넛,"3,700"
bebeco_ar,배배꼬_세종아름점,"1,449,724",크림도넛,누텔라크림 도넛,"3,900"
bebeco_ar,배배꼬_세종아름점,"1,449,725",크림도넛,레몬유자크림 도넛,"3,900"
bebeco_ar,배배꼬_세종아름점,"1,449,726",크림도넛,우유딸기크림 도넛,"3,900"
bebeco_ar,배배꼬_세종아름점,"1,449,727",크림도넛,흑임자크림 도넛,"4,200"
bebeco_ar,배배꼬_세종아름점,"1,449,728",크림도넛,공주바밤바크림 도넛,"3,900"
bebeco_ar,배배꼬_세종아름점,"1,449,729",크림도넛,초당옥쑤크림 도넛,"3,900"
bebeco_ar,배배꼬_세종아름점,"1,449,730",크림도넛,피치요거트크림 도넛,"4,200"
bebeco_ar,배배꼬_세종아름점,"1,449,731",크림도넛,보냉팩 추가,700
bebeco_ar,배배꼬_세종아름점,"1,449,732",베이커리,비닐 포장,100
bebeco_ar,배배꼬_세종아름점,"1,449,733",베이커리,바닐라 커스터드 쿠키슈,"4,500"
bebeco_ar,배배꼬_세종아름점,"1,449,734",베이커리,딥초코 쿠키슈,"4,500"
bebeco_ar,배배꼬_세종아름점,"1,449,735",베이커리,생크림 스콘,"3,800"
bebeco_ar,배배꼬_세종아름점,"1,449,736",베이커리,얼그레이 스콘,"3,800"
bebeco_ar,배배꼬_세종아름점,"1,449,737",COFFEE,펄그레이라떼,"4,500"
bebeco_ar,배배꼬_세종아름점,"1,449,738",COFFEE,배배꼬치즈슈페너,"5,500"
bebeco_ar,배배꼬_세종아름점,"1,449,739",COFFEE,스페셜티 아메리카노,"3,500"
bebeco_ar,배배꼬_세종아름점,"1,449,740",COFFEE,디카페인 아메리카노,"5,000"
bebeco_ar,배배꼬_세종아름점,"1,449,741",COFFEE,헤이즐넛 아메리카노,"3,800"
bebeco_ar,배배꼬_세종아름점,"1,449,742",COFFEE,카페라떼,"4,200"
bebeco_ar,배배꼬_세종아름점,"1,449,743",COFFEE,피넛버터라떼,"4,500"
bebeco_ar,배배꼬_세종아름점,"1,449,744",COFFEE,공주바밤바라떼,"4,500"
bebeco_ar,배배꼬_세종아름점,"1,449,745",COFFEE,바닐라라떼,"4,500"
bebeco_ar,배배꼬_세종아름점,"1,449,746",COFFEE,연유라떼,"4,500"
bebeco_ar,배배꼬_세종아름점,"1,449,747",COFFEE,오트밀 카페라떼,"5,500"
bebeco_ar,배배꼬_세종아름점,"1,449,748",COFFEE,오트밀 바닐라라떼,"5,800"
bebeco_ar,배배꼬_세종아름점,"1,449,749",COFFEE,오트밀 연유라떼,"5,800"
bebeco_ar,배배꼬_세종아름점,"1,449,750",NON COFFEE,초당옥쑤라떼,"4,500"
bebeco_ar,배배꼬_세종아름점,"1,449,751",NON COFFEE,로얄 프리미엄 밀크티,"4,800"
bebeco_ar,배배꼬_세종아름점,"1,449,752",NON COFFEE,딥더블초콜릿라떼,"4,500"
bebeco_ar,배배꼬_세종아름점,"1,449,753",NON COFFEE,제주말차라떼,"4,500"
bebeco_ar,배배꼬_세종아름점,"1,449,754",NON COFFEE,수제프리미엄 딸기우유,"5,800"
bebeco_ar,배배꼬_세종아름점,"1,449,755",음료,오로라 에이드,"4,800"
bebeco_ar,배배꼬_세종아름점,"1,449,756",음료,핑크 선셋 베리티,"5,200"
bebeco_ar,배배꼬_세종아름점,"1,449,757",음료,옐로우 캐모마일티,"4,800"
bebeco_ar,배배꼬_세종아름점,"1,449,758",음료,리얼 복숭아 아이스티,"3,800"
bebeco_ar,배배꼬_세종아름점,"1,449,759",음료,리얼 망고 아이스티,"3,800"
bebeco_ar,배배꼬_세종아름점,"1,449,760",음료,리얼 청포도 아이스티,"3,800"
bebeco_ar,배배꼬_세종아름점,"1,449,761",음료,오렌지자몽 에이드,"5,200"
bebeco_ar,배배꼬_세종아름점,"1,449,762",음료,패션후르츠 에이드,"5,200"
bebeco_ar,배배꼬_세종아름점,"1,449,763",음료,히비스커스체리 에이드,"4,800"
bebeco_ar,배배꼬_세종아름점,"1,449,764",음료,청포도 에이드,"4,800"
bebeco_ar,배배꼬_세종아름점,"1,449,765",음료,플레인 요거트스무디,"5,200"
bebeco_ar,배배꼬_세종아름점,"1,449,766",음료,딸기 요거트스무디,"5,800"
bebeco_ar,배배꼬_세종아름점,"1,449,767",음료,망고 요거트스무디,"5,800"
bebeco_ar,배배꼬_세종아름점,"1,449,768",음료,블루베리 요거트스무디,"5,800"
bebeco_ar,배배꼬_세종아름점,"1,449,770",베이커리,보냉백추가,700
bebeco_ar,배배꼬_세종아름점,"1,449,878",크림도넛,기본배달료,"3,000"
bebeco_ar,배배꼬_세종아름점,"1,449,879",크림도넛,배달료,"3,500"
bebeco_ar,배배꼬_세종아름점,"1,449,880",크림도넛,배달료,"4,000"
bebeco_ar,배배꼬_세종아름점,"1,449,881",크림도넛,오늘의도넛,"2,900"
bebeco_ar,배배꼬_세종아름점,"1,449,882",크림도넛,오늘의도넛,"2,500"
bebeco_ar,배배꼬_세종아름점,"1,449,903",크림도넛,크림도넛,"4,950"
bebeco_ar,배배꼬_세종아름점,"1,450,144",음료,어린이 음료,"1,500"
bebeco_ar,배배꼬_세종아름점,"1,450,309",COFFEE,아.샷.추(아이스티+아메리카노),"4,000"
bebeco_ar,배배꼬_세종아름점,"1,450,374",음료,스파클링뱅쇼(Only Ice),"4,800"
pokeallday_eg,포케올데이_시흥은계점,"1,451,628",Drink 음료,꾸꼬논알콜맥주LAGER,"4,500"
pokeallday_eg,포케올데이_시흥은계점,"1,451,629",Drink 음료,꾸꼬논알콜맥주PILS,"4,500"
pokeallday_eg,포케올데이_시흥은계점,"1,451,630",대표메뉴,꾸꼬논알콜맥주,"4,500"
pokeallday_eg,포케올데이_시흥은계점,"1,451,631",대표메뉴,스무디볼,"7,800"
pokeallday_eg,포케올데이_시흥은계점,"1,451,632",스무디볼,"옐로우 스무디볼
바나나, 복숭아, 망고, 파인애플","7,800"
pokeallday_eg,포케올데이_시흥은계점,"1,451,633",스무디볼,"그린 스무디볼
바나나, 키위, 아보카도","7,800"
pokeallday_eg,포케올데이_시흥은계점,"1,451,634",스무디볼,"레드 스무디볼
바나나, 딸기, 크랜베리, 적용과","7,800"
pokeallday_eg,포케올데이_시흥은계점,"1,451,635",스무디볼,"퍼플 스무디볼
바나나, 망고, 블루베리, 블랙베리","7,800"
pokeallday_eg,포케올데이_시흥은계점,"1,455,429",계절메뉴,곤약냉우동,"10,900"
bebeco_ar,배배꼬_세종아름점,"1,456,094",COFFEE,스페셜티 콜드브루,"4,500"
bebeco_ar,배배꼬_세종아름점,"1,456,095",COFFEE,스페셜티 콜드브루라떼,"5,000"
bebeco_ar,배배꼬_세종아름점,"1,456,096",COFFEE,디카페인 콜드브루,"5,000"
bebeco_ar,배배꼬_세종아름점,"1,456,097",COFFEE,디카페인 콜드브루라떼,"5,500"
bebeco_swg,배배꼬_수원금곡점,"1,456,102",COFFEE,스페셜티 콜드브루,"4,500"
bebeco_swg,배배꼬_수원금곡점,"1,456,103",COFFEE,스페셜티 콜드브루라떼,"5,000"
bebeco_swg,배배꼬_수원금곡점,"1,456,104",COFFEE,디카페인 콜드브루,"5,000"
bebeco_swg,배배꼬_수원금곡점,"1,456,105",COFFEE,디카페인 콜드브루라떼,"5,500"
bebeco_ar,배배꼬_세종아름점,"1,458,683",크림도넛,리얼 밀크카라멜 크림도넛,"4,200"
bebeco_swg,배배꼬_수원금곡점,"1,458,685",크림도넛,리얼 밀크카라멜 크림도넛,"4,200"
pokeallday_eg,포케올데이_시흥은계점,"1,461,665",대표메뉴,나홀로 하와이 세트,"17,400"
pokeallday_eg,포케올데이_시흥은계점,"1,461,666",대표메뉴,둘이서 하와이 세트,"31,500"
pokeallday_eg,포케올데이_시흥은계점,"1,461,667",대표메뉴,베지누들,"9,000"
pokeallday_eg,포케올데이_시흥은계점,"1,461,668",대표메뉴,커피 세트,"13,500"
pokeallday_eg,포케올데이_시흥은계점,"1,461,669",대표메뉴,티 세트,"14,000"
pokeallday_eg,포케올데이_시흥은계점,"1,461,670",대표메뉴,현미밥 포케,"10,900"
pokeallday_eg,포케올데이_시흥은계점,"1,461,671",대표메뉴,메밀면 포케,"10,900"
pokeallday_eg,포케올데이_시흥은계점,"1,461,672",대표메뉴,채소만 포케,"10,900"
pokeallday_eg,포케올데이_시흥은계점,"1,461,673",대표메뉴,곤약 냉우동,"10,900"
pokeallday_eg,포케올데이_시흥은계점,"1,461,674",Poke 포케,현미밥 포케,"10,900"
pokeallday_eg,포케올데이_시흥은계점,"1,461,675",Poke 포케,메밀면 포케,"10,900"
pokeallday_eg,포케올데이_시흥은계점,"1,461,676",Poke 포케,채소만 포케,"10,900"
pokeallday_eg,포케올데이_시흥은계점,"1,461,677",Set 세트,나홀로 하와이 세트,"17,400"
pokeallday_eg,포케올데이_시흥은계점,"1,461,678",Set 세트,둘이서 하와이 세트,"31,500"
pokeallday_eg,포케올데이_시흥은계점,"1,461,679",Set 세트,커피 세트,"13,500"
pokeallday_eg,포케올데이_시흥은계점,"1,461,680",Set 세트,티 세트,"14,000"
pokeallday_eg,포케올데이_시흥은계점,"1,461,681",Set 세트,나홀로 포케+미니곤약냉우동 세트,"14,500"
pokeallday_eg,포케올데이_시흥은계점,"1,461,682",Soup 수프,단호박 크림수프,"4,000"
pokeallday_eg,포케올데이_시흥은계점,"1,461,683",Wrap 랩,미트랩,"6,900"
pokeallday_eg,포케올데이_시흥은계점,"1,461,684",Wrap 랩,씨랩,"7,900"
pokeallday_eg,포케올데이_시흥은계점,"1,461,685",계절메뉴,곤약 냉우동,"10,900"
pokeallday_eg,포케올데이_시흥은계점,"1,461,686",계절메뉴,베지누들,"9,000"
pokeallday_eg,포케올데이_시흥은계점,"1,461,687",두부볼,두부볼 2개,"5,000"
pokeallday_eg,포케올데이_시흥은계점,"1,462,348",대표메뉴,스무디볼,"7,800"
pokeallday_eg,포케올데이_시흥은계점,"1,462,349",스무디볼,"옐로우 스무디볼
바나나, 복숭아, 망고, 파인애플","7,800"
pokeallday_eg,포케올데이_시흥은계점,"1,462,350",스무디볼,"그린 스무디볼
바나나, 키위, 아보카도","7,800"
pokeallday_eg,포케올데이_시흥은계점,"1,462,351",스무디볼,"레드 스무디볼
바나나, 딸기, 크랜베리, 적용과","7,800"
pokeallday_eg,포케올데이_시흥은계점,"1,462,352",스무디볼,"퍼플 스무디볼
바나나, 망고, 블루베리, 블랙베리","7,800"
pokeallday_eg,포케올데이_시흥은계점,"1,462,402",두부볼,두부볼 2개,"5,000"
bebeco_ar,배배꼬_세종아름점,"1,468,526",베이커리,라즈베리 커스터드 쿠키슈 ,"4,500"
bebeco_swg,배배꼬_수원금곡점,"1,471,053",시그니처 메뉴,초 1,"1,700"
bebeco_swg,배배꼬_수원금곡점,"1,471,054",시그니처 메뉴,초 2,"1,200"
bebeco_swg,배배꼬_수원금곡점,"1,475,379",크림도넛,블루베리 크림도넛,"3,900"
bebeco_swg,배배꼬_수원금곡점,"1,483,963",크림도넛,민트초코칩 크림도넛,"3,900"
bebeco_ar,배배꼬_세종아름점,"1,484,204",베이커리,버터 누룽지 소금빵,"2,700"
bebeco_ar,배배꼬_세종아름점,"1,484,237",시그니처 메뉴,버터 누룽지 소금빵,"2,700"
bebeco_swg,배배꼬_수원금곡점,"1,489,757",베이커리,버터 소금빵,"2,900"
bebeco_ar,배배꼬_세종아름점,"1,503,756",시그니처 메뉴,(TIME SALE 11:00~15:00) 아메리카노 (2샷),"2,900"
bebeco_ar,배배꼬_세종아름점,"1,503,757",시그니처 메뉴,(TIME SALE 11:00~15:00) 에이드,"4,000"
bebeco_swg,배배꼬_수원금곡점,"1,507,216",음료,자두에이드,"4,800"
bebeco_swg,배배꼬_수원금곡점,"1,507,217",음료,제주바다 한라봉에이드,"4,800"
bebeco_swg,배배꼬_수원금곡점,"1,507,218",음료,레드향라봉 아이스티,"5,200"
bebeco_ar,배배꼬_세종아름점,"1,507,289",음료,자두에이드,"4,800"
bebeco_ar,배배꼬_세종아름점,"1,508,307",음료,제주바다 한라봉 에이드,"4,800"
bebeco_ar,배배꼬_세종아름점,"1,508,309",음료,레드향라봉 아이스티,"5,200"
bebeco_ar,배배꼬_세종아름점,"1,510,995",COFFEE,(타임세일) 아메리카노 (2샷),"2,900"
bebeco_ar,배배꼬_세종아름점,"1,510,996",음료,(타임세일) 에이드,"4,000"
pokeallday_eg,포케올데이_시흥은계점,"1,511,159",대표메뉴,장어포케,"14,900"
pokeallday_eg,포케올데이_시흥은계점,"1,511,160",대표메뉴,장어포케,"14,900"
pokeallday_eg,포케올데이_시흥은계점,"1,511,161",계절메뉴,장어 포케,"14,900"
pokeallday_eg,포케올데이_시흥은계점,"1,511,162",계절메뉴,장어 포케,"14,900"
pokeallday_eg,포케올데이_시흥은계점,"1,511,446",대표메뉴,장어포케,"14,900"
pokeallday_eg,포케올데이_시흥은계점,"1,511,447",대표메뉴,장어포케,"14,900"
pokeallday_eg,포케올데이_시흥은계점,"1,511,448",계절메뉴,장어 포케,"14,900"
pokeallday_eg,포케올데이_시흥은계점,"1,511,449",계절메뉴,장어 포케,"14,900"
bebeco_ar,배배꼬_세종아름점,"1,511,988",베이커리,리얼 밀크카라멜 쿠키슈,"4,500"
bebeco_ar,배배꼬_세종아름점,"1,511,989",베이커리,오레오 순우유크림 쿠키슈,"4,500"
bebeco_ar,배배꼬_세종아름점,"1,511,990",베이커리,리얼 블루베리 쿠키슈,"4,500"
bebeco_ar,배배꼬_세종아름점,"1,511,991",베이커리,리얼 커스터드 쿠키슈,"4,900"
bebeco_ar,배배꼬_세종아름점,"1,511,992",베이커리,리얼 치즈 커스터드 쿠키슈,"4,900"
bebeco_ar,배배꼬_세종아름점,"1,511,993",베이커리,리얼 스트로베리 쿠키슈,"4,900"
bebeco_ar,배배꼬_세종아름점,"1,511,994",베이커리,리얼 말차 커스터드 쿠키슈,"5,300"
bebeco_ar,배배꼬_세종아름점,"1,511,995",베이커리,리얼 초코 커스터드 쿠키슈,"5,300"
bebeco_ar,배배꼬_세종아름점,"1,511,996",음료,자두 에이드,"4,800"
bebeco_ar,배배꼬_세종아름점,"1,511,997",음료,패션푸르츠 에이드,"5,200"
bebeco_ar,배배꼬_세종아름점,"1,511,998",음료,레드 향라봉 아이스티,"5,200"
bebeco_ar,배배꼬_세종아름점,"1,511,999",시그니처 메뉴,生커스터드 크림라떼,"5,500"
bebeco_swg,배배꼬_수원금곡점,"1,512,012",베이커리,리얼 밀크카라멜 쿠키슈,"4,500"
bebeco_swg,배배꼬_수원금곡점,"1,512,013",베이커리,오레오 순우유크림 쿠키슈,"4,500"
bebeco_swg,배배꼬_수원금곡점,"1,512,014",베이커리,리얼 블루베리 쿠키슈,"4,500"
bebeco_swg,배배꼬_수원금곡점,"1,512,015",베이커리,리얼 커스터드 쿠키슈,"4,900"
bebeco_swg,배배꼬_수원금곡점,"1,512,016",베이커리,리얼 치즈 커스터드 쿠키슈,"4,900"
bebeco_swg,배배꼬_수원금곡점,"1,512,017",베이커리,리얼 스트로베리 쿠키슈,"4,900"
bebeco_swg,배배꼬_수원금곡점,"1,512,018",베이커리,리얼 말차 커스터드 쿠키슈,"5,300"
bebeco_swg,배배꼬_수원금곡점,"1,512,019",베이커리,리얼 초코 커스터드 쿠키슈,"5,300"
bebeco_swg,배배꼬_수원금곡점,"1,512,020",음료,제주바다 한라봉 에이드,"4,800"
bebeco_swg,배배꼬_수원금곡점,"1,512,021",음료,자두 에이드,"4,800"
bebeco_swg,배배꼬_수원금곡점,"1,512,022",음료,오렌지 패션 푸르츠 에이드,"5,200"
bebeco_swg,배배꼬_수원금곡점,"1,512,023",음료,레드 향라봉 아이스티,"5,200"
bebeco_swg,배배꼬_수원금곡점,"1,512,024",시그니처 메뉴,生커스터드 크림라떼,"5,500"
bebeco_ar,배배꼬_세종아름점,"1,521,032",음료,레몬유자자몽 에이드,"4,800"
bebeco_ar,배배꼬_세종아름점,"1,525,028",크림도넛,오레오 크림도넛 ,"3,900"
gayou_sl,가유카페_신림점,"1,567,191",와플&크로플,홍콩에그와플,"4,900"
gayou_sl,가유카페_신림점,"1,567,192",와플&크로플,가유크로플(small),"3,900"
gayou_sl,가유카페_신림점,"1,567,193",와플&크로플,가유크로플 (Large),"5,900"
gayou_sl,가유카페_신림점,"1,567,194",와플&크로플,수제고구마빵 ,"3,800"
gayou_sl,가유카페_신림점,"1,567,195",와플&크로플,수제감자빵,"3,800"
gayou_sl,가유카페_신림점,"1,567,196",와플&크로플,대만샌드위치(햄치즈),"3,500"
gayou_sl,가유카페_신림점,"1,567,197",케이크,떠먹는 우유케이크,"7,500"
gayou_sl,가유카페_신림점,"1,567,198",케이크,떠먹는 티라미수,"7,500"
gayou_sl,가유카페_신림점,"1,567,199",케이크,떠먹는 오레오케이크,"7,500"
gayou_sl,가유카페_신림점,"1,567,200",케이크,고구마케이크,"6,500"
gayou_sl,가유카페_신림점,"1,567,201",케이크,까망베르치즈케이크 ,"6,800"
gayou_sl,가유카페_신림점,"1,567,202",케이크,밀크크레이프케이크,"7,800"
gayou_sl,가유카페_신림점,"1,567,203",케이크,악마누텔라 크레이프케이크 ,"7,800"
gayou_sl,가유카페_신림점,"1,567,204",베이글&마카롱,산딸기 마카롱,"3,300"
gayou_sl,가유카페_신림점,"1,567,205",베이글&마카롱,바닐라 마카롱,"3,300"
gayou_sl,가유카페_신림점,"1,567,206",베이글&마카롱,카라멜 마카롱,"3,300"
gayou_sl,가유카페_신림점,"1,567,207",베이글&마카롱,플레인,"4,900"
gayou_sl,가유카페_신림점,"1,567,208",베이글&마카롱,블루베리,"4,900"
gayou_sl,가유카페_신림점,"1,567,209",베이글&마카롱,치즈 ,"5,200"
gayou_sl,가유카페_신림점,"1,567,210",보틀&파우치,1리터보틀,"7,000"
gayou_sl,가유카페_신림점,"1,567,211",커피,아메리카노,"3,800"
gayou_sl,가유카페_신림점,"1,567,212",커피,헤이즐넛 아메리카노,"4,100"
gayou_sl,가유카페_신림점,"1,567,213",커피,카페라떼,"4,300"
gayou_sl,가유카페_신림점,"1,567,214",커피,카페모카,"4,800"
gayou_sl,가유카페_신림점,"1,567,215",커피,카라멜마끼아또,"4,800"
gayou_sl,가유카페_신림점,"1,567,216",커피,바닐라라떼,"4,800"
gayou_sl,가유카페_신림점,"1,567,217",커피,헤이즐넛라떼,"4,800"
gayou_sl,가유카페_신림점,"1,567,218",커피,돌체라떼,"4,800"
gayou_sl,가유카페_신림점,"1,567,219",커피,흑임자라떼(only ice),"6,100"
gayou_sl,가유카페_신림점,"1,567,220",커피,달고나라떼(only ice),"6,100"
gayou_sl,가유카페_신림점,"1,567,221",커피,흑당라떼(only ice),"5,300"
gayou_sl,가유카페_신림점,"1,567,222",커피,로투스라떼(only ice),"6,100"
gayou_sl,가유카페_신림점,"1,567,223",커피,코코넛라떼 ,"5,800"
gayou_sl,가유카페_신림점,"1,567,224",라떼(non-coffee),초코라떼,"5,000"
gayou_sl,가유카페_신림점,"1,567,225",라떼(non-coffee),초코바나나라떼,"4,800"
gayou_sl,가유카페_신림점,"1,567,226",라떼(non-coffee),민트초코라떼,"5,300"
gayou_sl,가유카페_신림점,"1,567,227",라떼(non-coffee),고구마라떼,"5,000"
gayou_sl,가유카페_신림점,"1,567,228",티&에이드&주스,미숫가루(only ice),"5,500"
gayou_sl,가유카페_신림점,"1,567,229",라떼(non-coffee),녹차라떼,"5,000"
gayou_sl,가유카페_신림점,"1,567,230",라떼(non-coffee),바밤바라떼,"5,000"
gayou_sl,가유카페_신림점,"1,567,231",라떼(non-coffee),"흑당버블티라떼(only ice)
(벤티)","6,900"
gayou_sl,가유카페_신림점,"1,567,232",라떼(non-coffee),"타로버블티라떼(only ice)
(벤티)","6,900"
gayou_sl,가유카페_신림점,"1,567,233",라떼(non-coffee),"밀크티버블티라떼(only ice)
(벤티)","6,900"
gayou_sl,가유카페_신림점,"1,567,234",라떼(non-coffee),달고나밀크티(only ice),"5,800"
gayou_sl,가유카페_신림점,"1,567,235",라떼(non-coffee),딸기라떼(only ice),"5,800"
gayou_sl,가유카페_신림점,"1,567,236",라떼(non-coffee),딸기바나나라떼(only ice),"6,100"
gayou_sl,가유카페_신림점,"1,567,237",라떼(non-coffee),핫바닐라(only HOT),"5,000"
gayou_sl,가유카페_신림점,"1,567,238",보틀&파우치,쑥(파우치),"6,100"
gayou_sl,가유카페_신림점,"1,567,239",보틀&파우치,밀크티(파우치),"6,100"
gayou_sl,가유카페_신림점,"1,567,240",보틀&파우치,흑임자(파우치),"6,100"
gayou_sl,가유카페_신림점,"1,567,241",보틀&파우치,민트 우유(파우치),"6,100"
gayou_sl,가유카페_신림점,"1,567,242",티&에이드&주스,애플시나몬티,"5,000"
gayou_sl,가유카페_신림점,"1,567,243",티&에이드&주스,허니자몽블랙티,"5,000"
gayou_sl,가유카페_신림점,"1,567,244",티&에이드&주스,히비스커스체리티,"5,000"
gayou_sl,가유카페_신림점,"1,567,245",티&에이드&주스,캐모마일허니바닐라티,"5,000"
gayou_sl,가유카페_신림점,"1,567,246",티&에이드&주스,패션후르츠 얼그레이티,"5,000"
gayou_sl,가유카페_신림점,"1,567,247",티&에이드&주스,복숭아 아이스티,"4,500"
gayou_sl,가유카페_신림점,"1,567,248",티&에이드&주스,자몽차,"5,000"
gayou_sl,가유카페_신림점,"1,567,249",티&에이드&주스,레몬차,"5,000"
gayou_sl,가유카페_신림점,"1,567,250",티&에이드&주스,청귤차,"5,000"
gayou_sl,가유카페_신림점,"1,567,251",티&에이드&주스,유자차,"5,000"
gayou_sl,가유카페_신림점,"1,567,252",티&에이드&주스,한라봉차 ,"5,000"
gayou_sl,가유카페_신림점,"1,567,253",티&에이드&주스,딸기에이드,"5,500"
gayou_sl,가유카페_신림점,"1,567,254",티&에이드&주스,자몽에이드,"5,500"
gayou_sl,가유카페_신림점,"1,567,255",티&에이드&주스,자두에이드,"5,500"
gayou_sl,가유카페_신림점,"1,567,256",티&에이드&주스,살구에이드,"5,500"
gayou_sl,가유카페_신림점,"1,567,257",티&에이드&주스,망고에이드,"5,500"
gayou_sl,가유카페_신림점,"1,567,258",티&에이드&주스,청포도에이드,"5,500"
gayou_sl,가유카페_신림점,"1,567,259",티&에이드&주스,레몬에이드,"5,500"
gayou_sl,가유카페_신림점,"1,567,260",티&에이드&주스,유자에이드,"5,500"
gayou_sl,가유카페_신림점,"1,567,261",티&에이드&주스,체리콕,"5,500"
gayou_sl,가유카페_신림점,"1,567,262",티&에이드&주스,라임에이드,"5,500"
gayou_sl,가유카페_신림점,"1,567,263",티&에이드&주스,소다에이드,"5,500"
gayou_sl,가유카페_신림점,"1,567,264",티&에이드&주스,홍시주스,"6,100"
gayou_sl,가유카페_신림점,"1,567,265",티&에이드&주스,수박주스,"6,100"
gayou_sl,가유카페_신림점,"1,567,266",스무디&프라페,딸기스무디,"5,800"
gayou_sl,가유카페_신림점,"1,567,267",스무디&프라페,딸기바나나스무디,"6,100"
gayou_sl,가유카페_신림점,"1,567,268",스무디&프라페,자두스무디,"5,800"
gayou_sl,가유카페_신림점,"1,567,269",스무디&프라페,망고스무디,"5,800"
gayou_sl,가유카페_신림점,"1,567,270",스무디&프라페,살구스무디,"5,800"
gayou_sl,가유카페_신림점,"1,567,271",스무디&프라페,청포도스무디,"5,800"
gayou_sl,가유카페_신림점,"1,567,272",스무디&프라페,블루베리스무디,"5,800"
gayou_sl,가유카페_신림점,"1,567,273",스무디&프라페,소다스무디,"5,800"
gayou_sl,가유카페_신림점,"1,567,274",스무디&프라페,플레인요거트스무디,"6,100"
gayou_sl,가유카페_신림점,"1,567,275",스무디&프라페,블루베리요거트스무디,"6,100"
gayou_sl,가유카페_신림점,"1,567,276",스무디&프라페,딸기요거트스무디,"6,100"
gayou_sl,가유카페_신림점,"1,567,277",스무디&프라페,망고요거트스무디,"6,100"
gayou_sl,가유카페_신림점,"1,567,278",스무디&프라페,살구요거트스무디,"6,100"
gayou_sl,가유카페_신림점,"1,567,279",스무디&프라페,죠리퐁프라페,"6,300"
gayou_sl,가유카페_신림점,"1,567,280",스무디&프라페,바닐라프라페,"5,800"
gayou_sl,가유카페_신림점,"1,567,281",스무디&프라페,밀크티프라페,"5,800"
gayou_sl,가유카페_신림점,"1,567,282",스무디&프라페,쿠앤크프라페,"6,300"
gayou_sl,가유카페_신림점,"1,567,283",스무디&프라페,돼지바프라페,"6,300"
gayou_sl,가유카페_신림점,"1,567,284",스무디&프라페,더블초코프라페,"5,800"
gayou_sl,가유카페_신림점,"1,567,285",스무디&프라페,녹차프라페,"5,800"
gayou_sl,가유카페_신림점,"1,567,286",스무디&프라페,민트초코프라페,"6,300"
gayou_sl,가유카페_신림점,"1,567,287",스무디&프라페,쑥프라페 ,"5,800"
gayou_sl,가유카페_신림점,"1,567,288",스무디&프라페,초바퐁 프라페(초코바나나죠리퐁),"5,800"
gayou_sl,가유카페_신림점,"1,567,289",와플&크로플,미니붕어빵,"3,500"
gayou_sl,가유카페_신림점,"1,567,290",케이크,바나나크림 케이크,"6,800"
gayou_sl,가유카페_신림점,"1,567,291",케이크,악마의 누텔라 초코 케이크,"7,000"
gayou_sl,가유카페_신림점,"1,567,292",커피,초당옥수수라떼(only ice),"6,100"
gayou_sl,가유카페_신림점,"1,567,293",커피,토피넛라떼,"5,800"
gayou_sl,가유카페_신림점,"1,567,294",스무디&프라페,딸기초코프라페,"6,300"
gayou_sl,가유카페_신림점,"1,567,295",케이크,생크림카스테라,"6,000"
gayou_sl,가유카페_신림점,"1,567,296",빙수,인절미 팥빙수,"12,500"
gayou_sl,가유카페_신림점,"1,567,297",빙수,트리플베리요거트빙수,"13,500"
gayou_sl,가유카페_신림점,"1,567,298",빙수,망고요거트빙수,"13,500"
gayou_sl,가유카페_신림점,"1,567,299",빙수,초코빙수,"13,500"
gayou_sl,가유카페_신림점,"1,590,418",라떼(non-coffee),밀크티라떼,"5,000"
gayou_sl,가유카페_신림점,"1,590,425",케이크,캐롯 케이크,"7,900"
gayou_sl,가유카페_신림점,"1,590,426",케이크,레몬 치즈 케이크,"7,900"
gayou_sl,가유카페_신림점,"1,590,429",베이글&마카롱,솔티트버터캐러멜 머핀,"4,800"
gayou_sl,가유카페_신림점,"1,590,430",베이글&마카롱,초콜릿헤이즐넛 머핀,"4,800"
gayou_sl,가유카페_신림점,"1,590,431",베이글&마카롱,블루베리 머핀,"4,500"
pokeallday_eg,포케올데이_시흥은계점,"1,601,489",대표메뉴,P.O.C 핫도그(프로틴어니언클래식),"6,800"
pokeallday_eg,포케올데이_시흥은계점,"1,601,490",대표메뉴,P.E.C 핫도그(프로틴에그치즈),"6,800"
pokeallday_eg,포케올데이_시흥은계점,"1,601,491",핫도그,P.O.C 핫도그(프로틴어니언클래식),"6,800"
pokeallday_eg,포케올데이_시흥은계점,"1,601,492",핫도그,P.E.C 핫도그(프로틴에그치즈),"6,800"
bebeco_ar,배배꼬_세종아름점,"1,654,179",베이커리,잠봉뵈르 소금빵,"5,900"
brownbagel,브라운베이글,"1,654,350",DEFAULT,테스트,"1,000"
bebeco_ar,배배꼬_세종아름점,"1,657,077",음료,허니자몽블랙티,"3,800"
ogasalad_jhs,오가샐러드_중화산점,"1,671,760",에이드&주스&스무디,테스트계정입니다,500
ogasalad_jhs,오가샐러드_중화산점,"1,671,761",테스트계정,결제시매출정산에문제발생!,"1,200"
ogasalad_jhs,오가샐러드_중화산점,"1,671,762",테스트계정,영업전우노스에꼭연락주세요,"1,500"
ogasalad_jhs,오가샐러드_중화산점,"1,671,763",테스트계정,1800-4520에2번,"2,000"
ogasalad_jhs,오가샐러드_중화산점,"1,671,764",테스트계정,테스트결제는가능합니다,100
ogasalad_jhs,오가샐러드_중화산점,"1,671,765",에이드&주스&스무디,(ICE)레몬에이드,"5,000"
ogasalad_jhs,오가샐러드_중화산점,"1,671,766",에이드&주스&스무디,된장스무디,"80,000"
ogasalad_jhs,오가샐러드_중화산점,"1,671,768",에이드&주스&스무디,테스트계정입니다,500
ogasalad_jhs,오가샐러드_중화산점,"1,671,769",테스트계정,결제시매출정산에문제발생!,"1,200"
ogasalad_jhs,오가샐러드_중화산점,"1,671,770",테스트계정,영업전우노스에꼭연락주세요,"1,500"
ogasalad_jhs,오가샐러드_중화산점,"1,671,771",테스트계정,1800-4520에2번,"2,000"
ogasalad_jhs,오가샐러드_중화산점,"1,671,772",테스트계정,테스트결제는가능합니다,100
ogasalad_jhs,오가샐러드_중화산점,"1,671,773",에이드&주스&스무디,(ICE)레몬에이드,"5,000"
ogasalad_jhs,오가샐러드_중화산점,"1,671,774",에이드&주스&스무디,된장스무디,"80,000"
ogasalad_jhs,오가샐러드_중화산점,"1,673,323",DEFAULT,테스트,"1,000"